dataset,method,seed,experiment_group,credit_rule,local_steps,credit_dynamics_order,parallel_relaxation_rounds_per_batch,neighbor_jacobian_actions_per_batch,first_order_relaxation_rate,best_epoch,stopped_epoch,early_stopped,best_validation_loss,train_loss,train_accuracy,validation_loss,validation_accuracy,test_loss,test_accuracy,balanced_accuracy,macro_f1,elapsed_seconds,n_train,n_validation,n_test,n_features,n_classes,affine_depth,parameter_count,calibrated_local_coupling,calibration_target_energy,calibration_achieved_energy,wave_energy,metric_energy,edge_energy,metric_eig_min,metric_eig_max,metric_condition_bound
moons,BP-Momentum,0,core,bp,0,0,0,0,,49,69,True,0.11887091802455005,0.07952273432974093,0.9763888888888889,0.11887091802455005,0.9611111111111111,0.0798630072369761,0.9733333333333334,0.9733333333333334,0.9733321480954709,0.3770195000106469,720,180,300,2,2,6,2498,,,,,,,,,
moons,BP-Momentum,1,core,bp,0,0,0,0,,67,87,True,0.09872481055788006,0.10035388055223289,0.9597222222222223,0.09872481055788006,0.9611111111111111,0.09197425244630479,0.98,0.98,0.98,0.4927392999525182,720,180,300,2,2,6,2498,,,,,,,,,
moons,BP-Momentum,3,core,bp,0,0,0,0,,70,90,True,0.13473146585262355,0.09026150440344421,0.9722222222222222,0.13473146585262355,0.9555555555555556,0.1258134737361237,0.9566666666666667,0.9566666666666667,0.9566623328999566,0.5282495000283234,720,180,300,2,2,6,2498,,,,,,,,,
moons,BP-Momentum,2,core,bp,0,0,0,0,,126,146,True,0.09172510004505842,0.10547614368137508,0.9611111111111111,0.09172510004505842,0.9722222222222222,0.11796041651557922,0.9633333333333334,0.9633333333333334,0.9633296662999633,0.8974105000379495,720,180,300,2,2,6,2498,,,,,,,,,
moons,BP-Momentum,5,core,bp,0,0,0,0,,66,86,True,0.08725758004737004,0.10762488192914027,0.9555555555555556,0.08725758004737004,0.9666666666666667,0.14587822550028962,0.9533333333333334,0.9533333333333334,0.9533001245330013,0.5502938000136055,720,180,300,2,2,6,2498,,,,,,,,,
moons,BP-Momentum,4,core,bp,0,0,0,0,,97,117,True,0.06395793661615107,0.11418718881580349,0.9597222222222223,0.06395793661615107,0.9777777777777777,0.09721368371300605,0.96,0.96,0.9599982221432064,0.75070150004467,720,180,300,2,2,6,2498,,,,,,,,,
moons,BP-Momentum,6,core,bp,0,0,0,0,,76,96,True,0.09100244106483374,0.11612481512827184,0.9569444444444445,0.09100244106483374,0.9666666666666667,0.0775023798105817,0.9733333333333334,0.9733333333333334,0.9733321480954709,0.6727432999759912,720,180,300,2,2,6,2498,,,,,,,,,
moons,BP-Adam,0,core,bp,0,0,0,0,,9,29,True,0.129954175751986,0.08946392063701289,0.9708333333333333,0.129954175751986,0.95,0.09307370114752679,0.97,0.97,0.96999699969997,0.3012546999962069,720,180,300,2,2,6,2498,,,,,,,,,
moons,BP-Momentum,8,core,bp,0,0,0,0,,54,74,True,0.13506665662010559,0.13391344521309653,0.9513888888888888,0.13506665662010559,0.95,0.134673716306603,0.95,0.95,0.9499994444382716,0.6141610000049695,720,180,300,2,2,6,2498,,,,,,,,,
moons,BP-Momentum,7,core,bp,0,0,0,0,,84,104,True,0.045180594525292654,0.07462492513308559,0.9777777777777777,0.045180594525292654,0.9888888888888889,0.13188074617873502,0.9466666666666667,0.9466666666666667,0.9466571834992887,0.806305100035388,720,180,300,2,2,6,2498,,,,,,,,,
moons,BP-Adam,1,core,bp,0,0,0,0,,23,43,True,0.10305177806543099,0.10140230826381007,0.9555555555555556,0.10305177806543099,0.9666666666666667,0.09985924727346211,0.9733333333333334,0.9733333333333334,0.9733321480954709,0.4791791000170633,720,180,300,2,2,6,2498,,,,,,,,,
moons,BP-Momentum,9,core,bp,0,0,0,0,,76,96,True,0.13536046192144796,0.08281901058006566,0.9638888888888889,0.13536046192144796,0.9444444444444444,0.11099411095155957,0.9666666666666667,0.9666666666666667,0.9666607396870555,0.902408399968408,720,180,300,2,2,6,2498,,,,,,,,,
moons,BP-Adam,2,core,bp,0,0,0,0,,38,58,True,0.09439778832100976,0.10659938177600778,0.9611111111111111,0.09439778832100976,0.9722222222222222,0.10908282789370399,0.9733333333333334,0.9733333333333334,0.9733333333333334,0.612730199994985,720,180,300,2,2,6,2498,,,,,,,,,
moons,BP-Adam,3,core,bp,0,0,0,0,,36,56,True,0.13360615890735525,0.08535787103814547,0.9694444444444444,0.13360615890735525,0.95,0.1325081347776615,0.9566666666666667,0.9566666666666667,0.9566546262850792,0.5975958000053652,720,180,300,2,2,6,2498,,,,,,,,,
moons,BP-Adam,4,core,bp,0,0,0,0,,47,67,True,0.060505096290909124,0.10722182065620657,0.9694444444444444,0.060505096290909124,0.9833333333333333,0.10004184086300262,0.9666666666666667,0.9666666666666667,0.9666607396870555,0.6955854000407271,720,180,300,2,2,6,2498,,,,,,,,,
moons,BP-Adam,6,core,bp,0,0,0,0,,31,51,True,0.08991839321448605,0.11601919233857204,0.9583333333333334,0.08991839321448605,0.9722222222222222,0.07429704254966842,0.9733333333333334,0.9733333333333334,0.9733333333333334,0.5069930000463501,720,180,300,2,2,6,2498,,,,,,,,,
moons,BP-Adam,7,core,bp,0,0,0,0,,44,64,True,0.035834105906468704,0.07032108422216415,0.9763888888888889,0.035834105906468704,0.9888888888888889,0.1442455327676728,0.95,0.95,0.9499949994999499,0.6246507000178099,720,180,300,2,2,6,2498,,,,,,,,,
moons,BP-Adam,5,core,bp,0,0,0,0,,87,107,True,0.08270772197644691,0.1023310979476191,0.9597222222222223,0.08270772197644691,0.9611111111111111,0.14259531088150387,0.9566666666666667,0.9566666666666667,0.956643061222221,1.1009407000383362,720,180,300,2,2,6,2498,,,,,,,,,
moons,BP-Adam,8,core,bp,0,0,0,0,,24,44,True,0.1251142088770082,0.12104638054652078,0.9555555555555556,0.1251142088770082,0.9555555555555556,0.13138870207720005,0.9466666666666667,0.9466666666666667,0.9466666666666667,0.459883900010027,720,180,300,2,2,6,2498,,,,,,,,,
moons,BP-Adam,9,core,bp,0,0,0,0,,64,84,True,0.13658016098634793,0.07167028341892938,0.9722222222222222,0.13658016098634793,0.9555555555555556,0.11083638077108397,0.9666666666666667,0.9666666666666667,0.9666666666666667,0.8594211000017822,720,180,300,2,2,6,2498,,,,,,,,,
moons,BP-MWBP,0,core,bp,0,0,0,0,,49,69,True,0.11939957117018798,0.08049725262243693,0.9763888888888889,0.11939957117018798,0.9611111111111111,0.08083596079207805,0.9733333333333334,0.9733333333333334,0.9733321480954709,2.055595199984964,720,180,300,2,2,6,2498,,,,0.12364283848032329,0.685005970588055,0.130421632185594,-0.2357760363415763,0.8514063083358505,2.3863043586403685
moons,BP-MWBP,1,core,bp,0,0,0,0,,67,87,True,0.09882525251860724,0.10046633720272789,0.9597222222222223,0.09882525251860724,0.9611111111111111,0.09195845153115204,0.98,0.98,0.98,2.5172013000119478,720,180,300,2,2,6,2498,,,,0.17241770704582063,0.535651402916512,0.13327153125332802,-0.23585569362627204,0.7573268357445562,2.213435920781209
moons,BP-MWBP,3,core,bp,0,0,0,0,,70,90,True,0.13458699210259828,0.09049938069873949,0.9722222222222222,0.13458699210259828,0.9555555555555556,0.12564158831470543,0.9566666666666667,0.9566666666666667,0.9566623328999566,2.4399671999854036,720,180,300,2,2,6,2498,,,,0.37192084073953846,0.5057694346159664,0.09693910178129138,-0.23576197774943639,0.644193582941035,2.0217519723365265
moons,BP-MWBP,2,core,bp,0,0,0,0,,126,146,True,0.0921087223141,0.10483156737471266,0.9611111111111111,0.0921087223141,0.9722222222222222,0.11824334604428803,0.9633333333333334,0.9633333333333334,0.9633296662999633,4.037939400004689,720,180,300,2,2,6,2498,,,,0.23174568454640523,0.6701050445799129,0.13657918089396293,-0.23570242459405316,0.831490212847948,2.3484466508321704
moons,BP-MWBP,4,core,bp,0,0,0,0,,97,117,True,0.06414336563583119,0.11436212655361754,0.9597222222222223,0.06414336563583119,0.9777777777777777,0.09745280652532815,0.96,0.96,0.9599982221432064,3.4411722000222653,720,180,300,2,2,6,2498,,,,0.1268722295879152,0.664849687676624,0.12539770951658702,-0.23581915977303788,0.8023516825991988,2.2945498348900215
moons,BP-MWBP,5,core,bp,0,0,0,0,,92,112,True,0.08906210662671597,0.11058807490423557,0.9527777777777777,0.08906210662671597,0.9611111111111111,0.14947684431558608,0.9433333333333334,0.9433333333333334,0.9432570455835068,2.8329579000128433,720,180,300,2,2,6,2498,,,,0.10625249920283542,0.6858899979464262,0.1419156814629701,-0.23581236989993834,0.8317060556999478,2.349058807488674
moons,BP-MWBP,6,core,bp,0,0,0,0,,76,96,True,0.09093963067226998,0.11639244363189426,0.9583333333333334,0.09093963067226998,0.9666666666666667,0.07763418306950352,0.9733333333333334,0.9733333333333334,0.9733321480954709,2.6464280000072904,720,180,300,2,2,6,2498,,,,0.2493860439753085,0.4693400635095536,0.11174001943106085,-0.23585096999963445,0.6420659177201389,2.018457306885428
moons,BP-MWBP,7,core,bp,0,0,0,0,,84,104,True,0.04530177539880584,0.0746865341258613,0.9777777777777777,0.04530177539880584,0.9888888888888889,0.13122762938436344,0.95,0.95,0.9499949994999499,2.7613425999879837,720,180,300,2,2,6,2498,,,,0.24446935762499883,0.5574612791114604,0.10896005880045373,-0.23580900676922215,0.7110847119345728,2.132969147388798
moons,FA-Momentum,0,core,fa,0,0,0,0,,150,150,False,0.16976684731638272,0.14371406843692786,0.9513888888888888,0.16976684731638272,0.9277777777777778,0.14790565819101456,0.9466666666666667,0.9466666666666667,0.9466666666666667,1.4818824999965727,720,180,300,2,2,6,2498,,,,,,,,,
moons,FA-Momentum,2,core,fa,0,0,0,0,,13,33,True,0.35563389607269896,0.3728406775327488,0.8694444444444445,0.35563389607269896,0.8833333333333333,0.34070199808167617,0.89,0.8899999999999999,0.8899694359544318,0.3039453999954276,720,180,300,2,2,6,2498,,,,,,,,,
moons,BP-MWBP,9,core,bp,0,0,0,0,,76,96,True,0.13581913539571236,0.08318454195580778,0.9638888888888889,0.13581913539571236,0.9388888888888889,0.11121042801543579,0.9633333333333334,0.9633333333333334,0.9633296662999633,2.6800087000010535,720,180,300,2,2,6,2498,,,,0.07807014977877567,0.9228480869000855,0.16516531542405985,-0.23577321929128883,1.006655357761803,2.7018665842201903
moons,FA-Momentum,1,core,fa,0,0,0,0,,150,150,False,0.12763791148275422,0.11965562823241324,0.9541666666666667,0.12763791148275422,0.9444444444444444,0.12233771740716906,0.97,0.97,0.9699996666629629,1.4603363000205718,720,180,300,2,2,6,2498,,,,,,,,,
moons,BP-MWBP,8,core,bp,0,0,0,0,,91,111,True,0.1298835082310982,0.12226919662740394,0.9513888888888888,0.1298835082310982,0.9555555555555556,0.125078795281629,0.9466666666666667,0.9466666666666667,0.9466666666666667,3.0408402999746613,720,180,300,2,2,6,2498,,,,0.34859807230638373,0.6856433254864589,0.1082050633263454,-0.23562276363552986,0.819620557368602,2.3261037482098015
moons,FA-Momentum,3,core,fa,0,0,0,0,,142,150,False,0.1389612120734006,0.0929768295329573,0.9666666666666667,0.1389612120734006,0.9555555555555556,0.12521892095289772,0.9566666666666667,0.9566666666666667,0.9566546262850792,1.428474299958907,720,180,300,2,2,6,2498,,,,,,,,,
moons,FA-Momentum,4,core,fa,0,0,0,0,,136,150,False,0.06586605090870092,0.1215298517772257,0.9569444444444445,0.06586605090870092,0.9777777777777777,0.10617401386441552,0.9566666666666667,0.9566666666666667,0.9566623328999566,1.502963000035379,720,180,300,2,2,6,2498,,,,,,,,,
moons,FA-Momentum,6,core,fa,0,0,0,0,,144,150,False,0.09234887884756537,0.11737369857394495,0.9555555555555556,0.09234887884756537,0.9666666666666667,0.08757871690274441,0.9666666666666667,0.9666666666666667,0.9666607396870555,1.5596783999935724,720,180,300,2,2,6,2498,,,,,,,,,
moons,FA-Momentum,5,core,fa,0,0,0,0,,144,150,False,0.09047387413163285,0.10977001143718504,0.9541666666666667,0.09047387413163285,0.9611111111111111,0.14227997289044622,0.96,0.96,0.959983993597439,1.6073196000070311,720,180,300,2,2,6,2498,,,,,,,,,
moons,FA-Momentum,7,core,fa,0,0,0,0,,150,150,False,0.043784393403221114,0.09365733287564602,0.9722222222222222,0.043784393403221114,0.9888888888888889,0.12994619009882596,0.9533333333333334,0.9533333333333334,0.9533312591670741,1.6039255999494344,720,180,300,2,2,6,2498,,,,,,,,,
moons,FA-Momentum,8,core,fa,0,0,0,0,,132,150,False,0.12344852328095766,0.14978818519476128,0.9486111111111111,0.12344852328095766,0.9722222222222222,0.13639152489747583,0.9533333333333334,0.9533333333333334,0.9533312591670741,1.5292480000061914,720,180,300,2,2,6,2498,,,,,,,,,
moons,DFA-Momentum,0,core,dfa,0,0,0,0,,149,150,False,0.3293419019184556,0.27707935003631035,0.8888888888888888,0.3293419019184556,0.8611111111111112,0.2946514183017151,0.8733333333333333,0.8733333333333333,0.8732826463918901,1.351034499995876,720,180,300,2,2,6,2498,,,,,,,,,
moons,FA-Momentum,9,core,fa,0,0,0,0,,150,150,False,0.20067664584226444,0.15774413735325424,0.9388888888888889,0.20067664584226444,0.9277777777777778,0.1703950331717531,0.9433333333333334,0.9433333333333334,0.9433276660999433,1.4373203000286594,720,180,300,2,2,6,2498,,,,,,,,,
moons,DFA-Momentum,1,core,dfa,0,0,0,0,,150,150,False,0.2888398019618868,0.2894126540742565,0.8763888888888889,0.2888398019618868,0.85,0.2732361028795803,0.9133333333333333,0.9133333333333333,0.9133294813102805,1.4628535999800079,720,180,300,2,2,6,2498,,,,,,,,,
moons,DFA-Momentum,5,core,dfa,0,0,0,0,,8,28,True,0.34776320786614484,0.35838616088007913,0.8708333333333333,0.34776320786614484,0.8833333333333333,0.39067130324253135,0.8433333333333334,0.8433333333333333,0.8428286386284849,0.2556789999944158,720,180,300,2,2,6,2498,,,,,,,,,
moons,DFA-Momentum,2,core,dfa,0,0,0,0,,138,150,False,0.30119504420215054,0.2986656704981768,0.8736111111111111,0.30119504420215054,0.8722222222222222,0.26668286370249045,0.8833333333333333,0.8833333333333333,0.8830409356725146,1.4067460999940522,720,180,300,2,2,6,2498,,,,,,,,,
moons,DFA-Momentum,3,core,dfa,0,0,0,0,,149,150,False,0.3420332784706051,0.28958641641159816,0.8861111111111111,0.3420332784706051,0.8388888888888889,0.3357004567862323,0.87,0.87,0.8699291836666629,1.4054758000420406,720,180,300,2,2,6,2498,,,,,,,,,
moons,DFA-Momentum,4,core,dfa,0,0,0,0,,143,150,False,0.27390385271372014,0.32921344577556005,0.8486111111111111,0.27390385271372014,0.8944444444444445,0.2903633511573071,0.8766666666666667,0.8766666666666667,0.8766652962810697,1.3920497000217438,720,180,300,2,2,6,2498,,,,,,,,,
moons,DFA-Momentum,6,core,dfa,0,0,0,0,,149,150,False,0.3045387845693984,0.3396899459449737,0.8625,0.3045387845693984,0.8722222222222222,0.3138171031023982,0.86,0.86,0.86,1.3675016000051983,720,180,300,2,2,6,2498,,,,,,,,,
moons,DFA-Momentum,7,core,dfa,0,0,0,0,,149,150,False,0.28661114134610854,0.30586180369318977,0.8722222222222222,0.28661114134610854,0.8666666666666667,0.3077049253920542,0.8633333333333333,0.8633333333333333,0.8632953598221729,1.3127740999916568,720,180,300,2,2,6,2498,,,,,,,,,
moons,LocalHead-Momentum,0,core,localhead,0,0,0,0,,8,28,True,0.345606173441859,0.3084947755033939,0.8833333333333333,0.345606173441859,0.8666666666666667,0.3196699001938268,0.87,0.8700000000000001,0.8699638788552375,0.29019420000258833,720,180,300,2,2,6,2498,,,,,,,,,
moons,DFA-Momentum,9,core,dfa,0,0,0,0,,150,150,False,0.32025958592512654,0.30593264486976923,0.8652777777777778,0.32025958592512654,0.8777777777777778,0.29921036856746364,0.8633333333333333,0.8633333333333333,0.8633196652998634,1.2815835000365041,720,180,300,2,2,6,2498,,,,,,,,,
moons,DFA-Momentum,8,core,dfa,0,0,0,0,,141,150,False,0.322168990310688,0.33885775984363814,0.8694444444444445,0.322168990310688,0.8833333333333333,0.3152030663167802,0.8666666666666667,0.8666666666666667,0.8666133119914632,1.3681315000285394,720,180,300,2,2,6,2498,,,,,,,,,
moons,LocalHead-Momentum,2,core,localhead,0,0,0,0,,10,30,True,0.3204739424565276,0.3204935742559404,0.8791666666666667,0.3204739424565276,0.8722222222222222,0.289752505561549,0.8933333333333333,0.8933333333333333,0.8933285923818837,0.3175355999846943,720,180,300,2,2,6,2498,,,,,,,,,
moons,LocalHead-Momentum,1,core,localhead,0,0,0,0,,13,33,True,0.33900561817256697,0.33146586896503666,0.8652777777777778,0.33900561817256697,0.8388888888888889,0.2988124346589973,0.8933333333333333,0.8933333333333333,0.8933143669985775,0.41131689999019727,720,180,300,2,2,6,2498,,,,,,,,,
moons,LocalHead-Momentum,5,core,localhead,0,0,0,0,,9,29,True,0.3157693784989114,0.31861593833532453,0.8722222222222222,0.3157693784989114,0.8722222222222222,0.34612826689566456,0.86,0.86,0.8596944456817068,0.35962590004783124,720,180,300,2,2,6,2498,,,,,,,,,
moons,LocalHead-Momentum,7,core,localhead,0,0,0,0,,8,28,True,0.3112438618772864,0.32697117612373866,0.8736111111111111,0.3112438618772864,0.8666666666666667,0.324480015130944,0.8633333333333333,0.8633333333333333,0.8632953598221729,0.3185978000401519,720,180,300,2,2,6,2498,,,,,,,,,
moons,LocalHead-Momentum,8,core,localhead,0,0,0,0,,30,50,True,0.32580997987547516,0.34252477831670297,0.8722222222222222,0.32580997987547516,0.8833333333333333,0.31472304330752804,0.8633333333333333,0.8633333333333333,0.8632953598221729,0.5890203000162728,720,180,300,2,2,6,2498,,,,,,,,,
moons,LocalHead-Momentum,3,core,localhead,0,0,0,0,,149,150,False,0.369909005071449,0.3010546232501367,0.8930555555555556,0.369909005071449,0.85,0.34625420292888104,0.8666666666666667,0.8666666666666667,0.866642958748222,1.7539586999919266,720,180,300,2,2,6,2498,,,,,,,,,
moons,LocalHead-Momentum,4,core,localhead,0,0,0,0,,150,150,False,0.28846372107375545,0.3489295318841239,0.8458333333333333,0.28846372107375545,0.8888888888888888,0.3051312077710368,0.87,0.87,0.869998555539506,1.7365417000255547,720,180,300,2,2,6,2498,,,,,,,,,
moons,LocalHead-Momentum,6,core,localhead,0,0,0,0,,150,150,False,0.2136306582460003,0.2700369670379198,0.8930555555555556,0.2136306582460003,0.9166666666666666,0.24410392392380714,0.9033333333333333,0.9033333333333333,0.903332259247325,1.7607954000122845,720,180,300,2,2,6,2498,,,,,,,,,
moons,LocalHead-Momentum,9,core,localhead,0,0,0,0,,146,150,False,0.3351736774202277,0.32434691493832496,0.8694444444444445,0.3351736774202277,0.8555555555555555,0.32620832131504157,0.86,0.8600000000000001,0.8599937775012223,1.8921289999852888,720,180,300,2,2,6,2498,,,,,,,,,
moons,AR64-Momentum,0,core,ar,64,1,64,320,0.16,49,69,True,0.11889847033825575,0.07969815423729514,0.9763888888888889,0.11889847033825575,0.9611111111111111,0.07998515293401892,0.9733333333333334,0.9733333333333334,0.9733321480954709,9.744450600002892,720,180,300,2,2,6,2498,,,,,,,,,
moons,AR64-Momentum,1,core,ar,64,1,64,320,0.16,67,87,True,0.09876841933508691,0.10038690372752979,0.9597222222222223,0.09876841933508691,0.9611111111111111,0.09197451218198359,0.98,0.98,0.98,11.379815199994482,720,180,300,2,2,6,2498,,,,,,,,,
moons,AR64-Momentum,3,core,ar,64,1,64,320,0.16,70,90,True,0.13474850867311403,0.09031443121329903,0.9722222222222222,0.13474850867311403,0.9555555555555556,0.125781844101268,0.9566666666666667,0.9566666666666667,0.9566623328999566,11.559403799998108,720,180,300,2,2,6,2498,,,,,,,,,
moons,AR64-Momentum,2,core,ar,64,1,64,320,0.16,126,146,True,0.09113460567996812,0.10575067103126862,0.9611111111111111,0.09113460567996812,0.9722222222222222,0.11636860928130156,0.9633333333333334,0.9633333333333334,0.9633296662999633,19.105617600027472,720,180,300,2,2,6,2498,,,,,,,,,
moons,AR64-Momentum,5,core,ar,64,1,64,320,0.16,66,86,True,0.08722879940363314,0.10760088565910644,0.9555555555555556,0.08722879940363314,0.9666666666666667,0.1458099800486661,0.9533333333333334,0.9533333333333334,0.9533001245330013,11.154489599983208,720,180,300,2,2,6,2498,,,,,,,,,
moons,AR64-Momentum,4,core,ar,64,1,64,320,0.16,97,117,True,0.06399005640918493,0.11420791757718056,0.9597222222222223,0.06399005640918493,0.9777777777777777,0.09725406539629303,0.96,0.96,0.9599982221432064,13.838287099963054,720,180,300,2,2,6,2498,,,,,,,,,
moons,AR64-Momentum,6,core,ar,64,1,64,320,0.16,76,96,True,0.0910023898129675,0.11613942618545654,0.9569444444444445,0.0910023898129675,0.9666666666666667,0.07750650085306617,0.9733333333333334,0.9733333333333334,0.9733321480954709,11.619596900010947,720,180,300,2,2,6,2498,,,,,,,,,
moons,CAT40-Momentum,0,core,cat,40,2,40,200,,52,72,True,0.11875401052091447,0.07950576040556198,0.975,0.11875401052091447,0.9666666666666667,0.08174979853992705,0.9733333333333334,0.9733333333333334,0.9733333333333334,7.254257199994754,720,180,300,2,2,6,2498,,,,,,,,,
moons,AR64-Momentum,7,core,ar,64,1,64,320,0.16,84,104,True,0.045222132511226386,0.07462733656178762,0.9777777777777777,0.045222132511226386,0.9888888888888889,0.1318848473271727,0.9466666666666667,0.9466666666666667,0.9466571834992887,12.750256599974819,720,180,300,2,2,6,2498,,,,,,,,,
moons,AR64-Momentum,9,core,ar,64,1,64,320,0.16,76,96,True,0.13521337908367256,0.08292025047891599,0.9638888888888889,0.13521337908367256,0.9444444444444444,0.11104550822462035,0.9666666666666667,0.9666666666666667,0.9666607396870555,12.064741799957119,720,180,300,2,2,6,2498,,,,,,,,,
moons,AR64-Momentum,8,core,ar,64,1,64,320,0.16,91,111,True,0.12903855046168483,0.12195039015655998,0.9527777777777777,0.12903855046168483,0.9555555555555556,0.1245926738858878,0.95,0.95,0.9499994444382716,13.986905600002501,720,180,300,2,2,6,2498,,,,,,,,,
moons,CAT40-Momentum,1,core,cat,40,2,40,200,,99,119,True,0.09380318065653077,0.10050376409732625,0.9638888888888889,0.09380318065653077,0.9611111111111111,0.09567767554844636,0.9733333333333334,0.9733333333333334,0.9733321480954709,12.46992709999904,720,180,300,2,2,6,2498,,,,,,,,,
moons,CAT40-Momentum,3,core,cat,40,2,40,200,,70,90,True,0.1348296547314938,0.09073231335845643,0.9708333333333333,0.1348296547314938,0.9555555555555556,0.12542091119472826,0.9566666666666667,0.9566666666666667,0.9566623328999566,9.488083200005349,720,180,300,2,2,6,2498,,,,,,,,,
moons,CAT40-Momentum,2,core,cat,40,2,40,200,,126,146,True,0.08709968902190694,0.103722553613628,0.9611111111111111,0.08709968902190694,0.9722222222222222,0.11271706502790822,0.9633333333333334,0.9633333333333334,0.9633296662999633,15.095977100019809,720,180,300,2,2,6,2498,,,,,,,,,
moons,CAT40-Momentum,4,core,cat,40,2,40,200,,97,117,True,0.06440173665328494,0.11437945566100424,0.9597222222222223,0.06440173665328494,0.9777777777777777,0.09783117328511352,0.96,0.96,0.9599982221432064,12.23747310001636,720,180,300,2,2,6,2498,,,,,,,,,
moons,CAT40-Momentum,5,core,cat,40,2,40,200,,66,86,True,0.0869839816504054,0.10736999503702485,0.9541666666666667,0.0869839816504054,0.9666666666666667,0.14487099768908088,0.9533333333333334,0.9533333333333334,0.9533001245330013,9.248731200001203,720,180,300,2,2,6,2498,,,,,,,,,
moons,CAT40-Momentum,6,core,cat,40,2,40,200,,76,96,True,0.09106076094744636,0.1163548802130112,0.9583333333333334,0.09106076094744636,0.9611111111111111,0.07770583602772739,0.9733333333333334,0.9733333333333334,0.9733321480954709,9.842512400005944,720,180,300,2,2,6,2498,,,,,,,,,
moons,CAT40-Momentum,7,core,cat,40,2,40,200,,84,104,True,0.04581144986605506,0.07480070484957248,0.9777777777777777,0.04581144986605506,0.9888888888888889,0.131741890040914,0.95,0.95,0.9499949994999499,10.691707799967844,720,180,300,2,2,6,2498,,,,,,,,,
moons,CAT40-Momentum,8,core,cat,40,2,40,200,,91,111,True,0.13018494727695276,0.12105055724832917,0.9569444444444445,0.13018494727695276,0.9555555555555556,0.12356345517114069,0.95,0.95,0.9499994444382716,11.629315499973018,720,180,300,2,2,6,2498,,,,,,,,,
moons,CAT40-Momentum,9,core,cat,40,2,40,200,,76,96,True,0.13379947354730826,0.08443941637259428,0.9625,0.13379947354730826,0.9388888888888889,0.11180133679815486,0.9633333333333334,0.9633333333333334,0.9633296662999633,9.960085599974263,720,180,300,2,2,6,2498,,,,,,,,,
moons,CAT64-Momentum,0,core,cat,64,2,64,320,,49,69,True,0.11889080145442156,0.07961717629088956,0.9763888888888889,0.11889080145442156,0.9611111111111111,0.0799317709614328,0.9733333333333334,0.9733333333333334,0.9733321480954709,10.968357799982186,720,180,300,2,2,6,2498,,,,,,,,,
moons,CAT64-Momentum,1,core,cat,64,2,64,320,,67,87,True,0.09875184687826288,0.10037271479758055,0.9597222222222223,0.09875184687826288,0.9611111111111111,0.0919743439211635,0.98,0.98,0.98,13.540744700003415,720,180,300,2,2,6,2498,,,,,,,,,
moons,CAT64-Momentum,3,core,cat,64,2,64,320,,70,90,True,0.13474147532875605,0.09029230217783879,0.9722222222222222,0.13474147532875605,0.9555555555555556,0.1257955162731841,0.9566666666666667,0.9566666666666667,0.9566623328999566,14.498273300006986,720,180,300,2,2,6,2498,,,,,,,,,
moons,CAT64-Momentum,2,core,cat,64,2,64,320,,126,146,True,0.09136762461203389,0.10567979444604007,0.9611111111111111,0.09136762461203389,0.9722222222222222,0.11714246899785276,0.9633333333333334,0.9633333333333334,0.9633296662999633,23.19588269997621,720,180,300,2,2,6,2498,,,,,,,,,
moons,CAT64-Momentum,4,core,cat,64,2,64,320,,97,117,True,0.06397628086404027,0.11420019425463887,0.9597222222222223,0.06397628086404027,0.9777777777777777,0.0972361337569723,0.96,0.96,0.9599982221432064,18.68904719996499,720,180,300,2,2,6,2498,,,,,,,,,
moons,CAT64-Momentum,5,core,cat,64,2,64,320,,66,86,True,0.08724085334398836,0.1076118841762303,0.9555555555555556,0.08724085334398836,0.9666666666666667,0.1458414728380582,0.9533333333333334,0.9533333333333334,0.9533001245330013,14.010847400000785,720,180,300,2,2,6,2498,,,,,,,,,
moons,CAT64-Momentum,6,core,cat,64,2,64,320,,76,96,True,0.09100186901441745,0.11613279447952883,0.9569444444444445,0.09100186901441745,0.9666666666666667,0.07750316705784617,0.9733333333333334,0.9733333333333334,0.9733321480954709,15.398144200036768,720,180,300,2,2,6,2498,,,,,,,,,
moons,CAT64-Momentum,8,core,cat,64,2,64,320,,54,74,True,0.13515758254573437,0.13394665117987042,0.9513888888888888,0.13515758254573437,0.95,0.1346788906094292,0.95,0.95,0.9499994444382716,11.607990299991798,720,180,300,2,2,6,2498,,,,,,,,,
moons,CAT64-Momentum,7,core,cat,64,2,64,320,,84,104,True,0.045203040291272804,0.07462509181713657,0.9777777777777777,0.045203040291272804,0.9888888888888889,0.13188533728586702,0.9466666666666667,0.9466666666666667,0.9466571834992887,16.467141000030097,720,180,300,2,2,6,2498,,,,,,,,,
moons,CAT64-Momentum,9,core,cat,64,2,64,320,,76,96,True,0.1352770152070709,0.08287558829137,0.9638888888888889,0.1352770152070709,0.9444444444444444,0.11102352703509558,0.9666666666666667,0.9666666666666667,0.9666607396870555,14.799663399986457,720,180,300,2,2,6,2498,,,,,,,,,
moons,CAT64-MWBP,0,core,cat,64,2,64,320,,49,69,True,0.11942649450072527,0.0806013960396185,0.9763888888888889,0.11942649450072527,0.9611111111111111,0.08091095573826242,0.9733333333333334,0.9733333333333334,0.9733321480954709,11.738287399988621,720,180,300,2,2,6,2498,,,,0.1224580041985176,0.6881075862890664,0.1309653154177808,-0.23577812985577568,0.8537379902645378,2.390763799087188
moons,CAT64-MWBP,3,core,cat,64,2,64,320,,70,90,True,0.1345960934241182,0.0905266125701026,0.9722222222222222,0.1345960934241182,0.9555555555555556,0.12561614638918797,0.9566666666666667,0.9566666666666667,0.9566623328999566,15.999605800025165,720,180,300,2,2,6,2498,,,,0.37240398361842203,0.5062699312772413,0.09698468403153886,-0.23576439126882795,0.644708297743677,2.022588549535718
moons,CAT64-MWBP,1,core,cat,64,2,64,320,,99,119,True,0.09394647696233795,0.09985975895083767,0.9652777777777778,0.09394647696233795,0.9611111111111111,0.09598867658076139,0.9733333333333334,0.9733333333333334,0.9733321480954709,21.252049900009297,720,180,300,2,2,6,2498,,,,0.2733003912200307,0.46525448301222716,0.09076073745277989,-0.23584747756614885,0.5279909063165491,1.8424030170832155
moons,CAT64-MWBP,2,core,cat,64,2,64,320,,126,146,True,0.09196452298394134,0.10483040227012093,0.9611111111111111,0.09196452298394134,0.9722222222222222,0.11815405166304473,0.9633333333333334,0.9633333333333334,0.9633296662999633,24.988740300002974,720,180,300,2,2,6,2498,,,,0.23417162381685097,0.6662796593215037,0.136007518948853,-0.23568730426742032,0.8281759493028544,2.3421998693762593
moons,CAT64-MWBP,4,core,cat,64,2,64,320,,97,117,True,0.06416427615752045,0.11437217176498127,0.9597222222222223,0.06416427615752045,0.9777777777777777,0.09747725975271629,0.96,0.96,0.9599982221432064,20.325861599994823,720,180,300,2,2,6,2498,,,,0.1272539476086142,0.6646039208440911,0.1252806181286516,-0.23581945012640984,0.8018942754882801,2.293710886553865
moons,CAT64-MWBP,6,core,cat,64,2,64,320,,76,96,True,0.09094125137023872,0.11640371525284234,0.9583333333333334,0.09094125137023872,0.9666666666666667,0.07763887903433776,0.9733333333333334,0.9733333333333334,0.9733321480954709,16.87017280003056,720,180,300,2,2,6,2498,,,,0.24938155309104026,0.4695199540989552,0.1117008349901773,-0.23585101934571828,0.6423012543990592,2.0188374359888224
moons,CAT64-MWBP,5,core,cat,64,2,64,320,,92,112,True,0.0890453137816616,0.11056284400824923,0.9527777777777777,0.0890453137816616,0.9611111111111111,0.1494328932227252,0.9433333333333334,0.9433333333333334,0.9432570455835068,19.2702724999981,720,180,300,2,2,6,2498,,,,0.10615257311049049,0.6858873484909356,0.14186175427491285,-0.23581146557336496,0.8316251327881452,2.348905038925712
moons,CAT64-MWBP,7,core,cat,64,2,64,320,,84,104,True,0.04532681172554383,0.07469167741059167,0.9777777777777777,0.04532681172554383,0.9888888888888889,0.13122935583193723,0.95,0.95,0.9499949994999499,18.772860199969728,720,180,300,2,2,6,2498,,,,0.24486294669432784,0.5565948143524692,0.10868367213243163,-0.235810379598714,0.7096550325101407,2.1305333121816052
moons,CAT64-MWBP,8,core,cat,64,2,64,320,,91,111,True,0.12994393273413965,0.1222242966737214,0.9513888888888888,0.12994393273413965,0.9555555555555556,0.12502279935331856,0.9466666666666667,0.9466666666666667,0.9466666666666667,19.43557219998911,720,180,300,2,2,6,2498,,,,0.3507261172441041,0.6855240430100354,0.10793851669127202,-0.23562389385296764,0.8188851555903275,2.3247377559888838
moons,CAT64-MWBP-local,0,core,cat,64,2,64,320,,49,69,True,0.11970244715066375,0.08099768468625296,0.9763888888888889,0.11970244715066375,0.9611111111111111,0.08128561491660453,0.9733333333333334,0.9733333333333334,0.9733321480954709,12.112405299965758,720,180,300,2,2,6,2498,,,,0.12535960533309937,2.553171275086754,2.553171275086754,-0.5997127488050675,1.982492229090219,7.8913244275949355
moons,CAT64-MWBP,9,core,cat,64,2,64,320,,76,96,True,0.13573473077388434,0.083245147424487,0.9638888888888889,0.13573473077388434,0.9388888888888889,0.11124313488650969,0.9633333333333334,0.9633333333333334,0.9633296662999633,16.679743800021242,720,180,300,2,2,6,2498,,,,0.0776968920007184,0.9233020991842618,0.16526622436416089,-0.23577429125241228,1.0069463370366116,2.702497924751028
moons,CAT64-MWBP-local,3,core,cat,64,2,64,320,,70,90,True,0.13452090208691206,0.09061943831171626,0.9722222222222222,0.13452090208691206,0.9555555555555556,0.1255152541296871,0.9566666666666667,0.9566666666666667,0.9566623328999566,16.31660170003306,720,180,300,2,2,6,2498,,,,0.33733177520360946,1.956016513472256,1.956016513472256,-0.5996055904995947,1.6048703581373993,5.833287638960352
moons,CAT64-MWBP-local,1,core,cat,64,2,64,320,,99,119,True,0.09389936126420816,0.09994421490063984,0.9652777777777778,0.09389936126420816,0.9611111111111111,0.09582227501584946,0.9733333333333334,0.9733333333333334,0.9733321480954709,20.84041339997202,720,180,300,2,2,6,2498,,,,0.3171424936452857,1.7448591013132893,1.7448591013132893,-0.5999444140932501,1.1057629155681483,3.914023463542317
moons,CAT64-MWBP-local,2,core,cat,64,2,64,320,,126,146,True,0.09146122354583068,0.104606917514871,0.9611111111111111,0.09146122354583068,0.9722222222222222,0.11781410992441906,0.9633333333333334,0.9633333333333334,0.9633296662999633,25.56926860002568,720,180,300,2,2,6,2498,,,,0.39937713172103023,2.200528587162988,2.200528587162988,-0.5994125751243601,1.8107633593702634,6.876712803620362
moons,CAT64-MWBP-local,4,core,cat,64,2,64,320,,97,117,True,0.06426655150040997,0.11442913023395375,0.9597222222222223,0.06426655150040997,0.9777777777777777,0.097564544394921,0.96,0.96,0.9599982221432064,21.409380200027954,720,180,300,2,2,6,2498,,,,0.1797444528246934,2.4910217339647565,2.4910217339647565,-0.5998491925705699,1.8492131072641418,7.094003430065742
moons,CAT64-MWBP-local,6,core,cat,64,2,64,320,,76,96,True,0.0909468851024504,0.11656008383826597,0.9583333333333334,0.0909468851024504,0.9666666666666667,0.07774379101422933,0.97,0.97,0.9699996666629629,16.183955600019544,720,180,300,2,2,6,2498,,,,0.3725254803935929,1.614955085608057,1.614955085608057,-0.5999293605402302,1.344045593171462,4.735938742072082
moons,CAT64-MWBP-local,7,core,cat,64,2,64,320,,84,104,True,0.04535402457606521,0.07471600320617001,0.9777777777777777,0.04535402457606521,0.9888888888888889,0.13095056061311006,0.95,0.95,0.9499949994999499,17.766714800032787,720,180,300,2,2,6,2498,,,,0.12777756412640892,1.969467901509525,1.969467901509525,-0.599674459026284,1.6301951650174105,5.953002411344709
moons,CAT64-MWBP-local,5,core,cat,64,2,64,320,,139,150,False,0.0881650593105804,0.1055781902962791,0.9625,0.0881650593105804,0.9666666666666667,0.1409257547808389,0.9533333333333334,0.9533333333333334,0.9533146591970121,25.95329179998953,720,180,300,2,2,6,2498,,,,0.02598552904649183,2.3354258924198072,2.3354258924198072,-0.5999566337640161,1.7595950442619634,6.603774255119018
moons,CAT64-MWBP-local,8,core,cat,64,2,64,320,,91,111,True,0.13028591506272452,0.12230698597149894,0.9513888888888888,0.13028591506272452,0.9555555555555556,0.12515962743350462,0.9466666666666667,0.9466666666666667,0.9466666666666667,19.776945199992042,720,180,300,2,2,6,2498,,,,0.2592868941184802,2.4493015872844994,2.4493015872844994,-0.5992317806680024,1.959169545364661,7.742472343536742
moons,CAT64-MWBP-local,9,core,cat,64,2,64,320,,76,96,True,0.13600896736717621,0.0833684872577179,0.9638888888888889,0.13600896736717621,0.9388888888888889,0.1112712661225416,0.9633333333333334,0.9633333333333334,0.9633296662999633,16.552376399980858,720,180,300,2,2,6,2498,,,,0.12549315640917497,2.6089705454836913,2.6089705454836913,-0.599551490976883,1.9999999999999996,8.001597368266225
moons,CAT64-MWBP-local-EM,0,core,cat,64,2,64,320,,49,69,True,0.11967742920801015,0.08099491170596068,0.9763888888888889,0.11967742920801015,0.9611111111111111,0.0812710108409432,0.9733333333333334,0.9733333333333334,0.9733321480954709,12.586067299998831,720,180,300,2,2,6,2498,2.23717529296875,0.2742769463492683,0.2743564483170907,0.06892850087175843,1.4341317255657255,1.4341317255657255,-0.44722458415216504,1.487687946177135,4.701727640520838
moons,CAT64-MWBP-local-EM,1,core,cat,64,2,64,320,,99,119,True,0.09390849732217603,0.09993213719998009,0.9652777777777778,0.09390849732217603,0.9611111111111111,0.09585131684893913,0.9733333333333334,0.9733333333333334,0.9733321480954709,20.73870829999214,720,180,300,2,2,6,2498,2.23717529296875,0.2737602725802877,0.27372493829844646,0.17546757408230174,0.9697902720030718,0.9697902720030718,-0.44739338376184246,0.8275055869695632,2.7729706339509588
moons,CAT64-MWBP-local-EM,3,core,cat,64,2,64,320,,70,90,True,0.13452292153714976,0.09060880609779384,0.9722222222222222,0.13452292153714976,0.9555555555555556,0.12553039128196475,0.9566666666666667,0.9566666666666667,0.9566623328999566,16.246032700000796,720,180,300,2,2,6,2498,2.23717529296875,0.2745718071116904,0.27454925805098546,0.18769420656565053,1.083512238494455,1.083512238494455,-0.4471349420578569,1.1926448612080462,3.7129393576174405
moons,CAT64-MWBP-local-EM,2,core,cat,64,2,64,320,,126,146,True,0.09151254148557324,0.10466167625463103,0.9611111111111111,0.09151254148557324,0.9722222222222222,0.1178612399941282,0.9633333333333334,0.9633333333333334,0.9633296662999633,26.388692200009245,720,180,300,2,2,6,2498,2.24881591796875,0.26006212190785216,0.2600835905947255,0.22339138982346338,1.2628374638559925,1.2628374638559925,-0.4493089514229927,1.3743166833766511,4.301227761348324
moons,CAT64-MWBP-local-EM,4,core,cat,64,2,64,320,,97,117,True,0.0642473959061303,0.11441576458941738,0.9597222222222223,0.0642473959061303,0.9777777777777777,0.09756244508912264,0.96,0.96,0.9599982221432064,20.696357600041665,720,180,300,2,2,6,2498,2.23717529296875,0.2744826505550676,0.27447117281380595,0.09972314757238286,1.3871529729554501,1.3871529729554501,-0.447320744539803,1.3811783297794182,4.318029912456011
moons,CAT64-MWBP-local-EM,6,core,cat,64,2,64,320,,76,96,True,0.09094053937373911,0.11652704491336661,0.9583333333333334,0.09094053937373911,0.9666666666666667,0.07771925076043772,0.97,0.97,0.9699996666629629,16.714680699980818,720,180,300,2,2,6,2498,2.2393579101562495,0.26814011630863865,0.26805604161172514,0.2116976543975809,0.9330458390899735,0.9330458390899735,-0.44781785859566636,1.0336109091845183,3.2711546096535393
moons,CAT64-MWBP-local-EM,5,core,cat,64,2,64,320,,139,150,False,0.08801309899497263,0.10546905607614324,0.9625,0.08801309899497263,0.9666666666666667,0.14086350881781792,0.9533333333333334,0.9533333333333334,0.9533146591970121,26.459108499984723,720,180,300,2,2,6,2498,2.2386303710937496,0.2724864276998704,0.27254085488868696,0.006464246179279886,1.4899307533130575,1.4899307533130575,-0.44769137434199907,1.4458316300689107,4.548595043031902
moons,CAT64-MWBP-local-EM,7,core,cat,64,2,64,320,,84,104,True,0.04535531248233341,0.07470992997005253,0.9777777777777777,0.04535531248233341,0.9888888888888889,0.1309926164479238,0.95,0.95,0.9499949994999499,18.455387099995278,720,180,300,2,2,6,2498,2.2444506835937497,0.25425149827151317,0.2541981808700401,0.058786802652703765,1.2146690539098206,1.2146690539098206,-0.448653349833132,1.3068034533719741,4.07294140582725
circles,BP-Momentum,0,core,bp,0,0,0,0,,93,113,True,0.013052100999324577,0.011671653015875694,0.9972222222222222,0.013052100999324577,1.0,0.016798265774601175,0.9933333333333333,0.9933333333333334,0.9933330370238678,0.8726628000149503,720,180,300,2,2,6,2498,,,,,,,,,
circles,BP-Momentum,1,core,bp,0,0,0,0,,144,150,False,0.0028752413341287734,0.003924409356434326,1.0,0.0028752413341287734,1.0,0.01887126458692075,0.9933333333333333,0.9933333333333334,0.9933330370238678,1.031807400053367,720,180,300,2,2,6,2498,,,,,,,,,
circles,BP-Momentum,2,core,bp,0,0,0,0,,147,150,False,0.002857931032351124,0.006503233257142286,1.0,0.002857931032351124,1.0,0.014040242829703136,0.9933333333333333,0.9933333333333333,0.9933333333333333,1.0998185999924317,720,180,300,2,2,6,2498,,,,,,,,,
circles,BP-Momentum,3,core,bp,0,0,0,0,,134,150,False,0.00352768448258166,0.006656473647220761,0.9972222222222222,0.00352768448258166,1.0,0.021734153487061748,0.99,0.99,0.9899989998999901,1.1190045999828726,720,180,300,2,2,6,2498,,,,,,,,,
circles,BP-Momentum,4,core,bp,0,0,0,0,,73,93,True,0.02151428523828867,0.01060595076074665,1.0,0.02151428523828867,0.9888888888888889,0.02453746782002483,0.9933333333333333,0.9933333333333333,0.9933333333333333,0.6650167999905534,720,180,300,2,2,6,2498,,,,,,,,,
circles,BP-Momentum,5,core,bp,0,0,0,0,,148,150,False,0.0040468219274685064,0.003106037678003291,1.0,0.0040468219274685064,1.0,0.0077845511226730104,0.9966666666666667,0.9966666666666666,0.9966666296292181,1.1178068000008352,720,180,300,2,2,6,2498,,,,,,,,,
circles,BP-Momentum,6,core,bp,0,0,0,0,,148,150,False,0.0027919918038969626,0.006748672590009044,0.9986111111111111,0.0027919918038969626,1.0,0.003939588768009328,1.0,1.0,1.0,1.3239286000025459,720,180,300,2,2,6,2498,,,,,,,,,
circles,BP-Momentum,7,core,bp,0,0,0,0,,105,125,True,0.01034492508220709,0.011203345883092868,0.9972222222222222,0.01034492508220709,0.9944444444444445,0.009715546845747308,1.0,1.0,1.0,1.0203493000008166,720,180,300,2,2,6,2498,,,,,,,,,
moons,CAT64-MWBP-local-EM,8,core,cat,64,2,64,320,,91,111,True,0.13026675946460314,0.12230506492857357,0.9513888888888888,0.13026675946460314,0.9555555555555556,0.1251521042077889,0.9466666666666667,0.9466666666666667,0.9466666666666667,20.183045300014783,720,180,300,2,2,6,2498,2.2386303710937496,0.27195506602274944,0.27199233370531595,0.14590982030072694,1.3902746330477032,1.3902746330477032,-0.44716171514263187,1.4795714646563574,4.671062415810089
circles,BP-Momentum,8,core,bp,0,0,0,0,,98,118,True,0.011525407201756701,0.01443617136412372,0.9944444444444445,0.011525407201756701,0.9944444444444445,0.009128808112474882,1.0,1.0,1.0,0.9111775000346825,720,180,300,2,2,6,2498,,,,,,,,,
circles,BP-Adam,0,core,bp,0,0,0,0,,36,56,True,0.00818676274297457,0.007848487476163929,0.9972222222222222,0.00818676274297457,1.0,0.015048723646950245,0.9933333333333333,0.9933333333333334,0.9933330370238678,0.43530950002605096,720,180,300,2,2,6,2498,,,,,,,,,
circles,BP-Momentum,9,core,bp,0,0,0,0,,147,150,False,0.0034197657539933916,0.005397693232848161,0.9986111111111111,0.0034197657539933916,1.0,0.011310132875206278,0.9966666666666667,0.9966666666666666,0.9966666296292181,1.0537772999959998,720,180,300,2,2,6,2498,,,,,,,,,
circles,BP-Adam,1,core,bp,0,0,0,0,,50,70,True,0.0011134374762664233,0.0012815773560249759,1.0,0.0011134374762664233,1.0,0.020298481068572634,0.9966666666666667,0.9966666666666666,0.9966666296292181,0.6231740000075661,720,180,300,2,2,6,2498,,,,,,,,,
circles,BP-Adam,4,core,bp,0,0,0,0,,37,57,True,0.014562307650743568,0.011188168739107617,0.9944444444444445,0.014562307650743568,0.9888888888888889,0.023785389509163767,0.99,0.99,0.9899989998999901,0.45101150003029034,720,180,300,2,2,6,2498,,,,,,,,,
circles,BP-Adam,3,core,bp,0,0,0,0,,53,73,True,0.0032912584092838326,0.0017947712944472944,1.0,0.0032912584092838326,1.0,0.023416332144195112,0.99,0.99,0.9899989998999901,0.6545156000065617,720,180,300,2,2,6,2498,,,,,,,,,
circles,BP-Adam,2,core,bp,0,0,0,0,,77,97,True,0.0013101554270476378,0.0048320248522491106,0.9986111111111111,0.0013101554270476378,1.0,0.01130881020493093,0.9933333333333333,0.9933333333333333,0.9933333333333333,0.8575866000028327,720,180,300,2,2,6,2498,,,,,,,,,
circles,BP-Adam,7,core,bp,0,0,0,0,,40,60,True,0.005298887906519596,0.008547609367678701,0.9986111111111111,0.005298887906519596,1.0,0.011253029805891298,0.9966666666666667,0.9966666666666666,0.9966666296292181,0.536640600010287,720,180,300,2,2,6,2498,,,,,,,,,
circles,BP-Adam,8,core,bp,0,0,0,0,,16,36,True,0.009549262949830137,0.021060573319910098,0.9916666666666667,0.009549262949830137,1.0,0.013650808620075425,1.0,1.0,1.0,0.30044800002360716,720,180,300,2,2,6,2498,,,,,,,,,
circles,BP-Adam,6,core,bp,0,0,0,0,,112,132,True,0.0005560138375966358,0.008020806897803287,0.9986111111111111,0.0005560138375966358,1.0,0.002147381956838944,1.0,1.0,1.0,1.0790808000019751,720,180,300,2,2,6,2498,,,,,,,,,
circles,BP-Adam,5,core,bp,0,0,0,0,,123,143,True,0.0007373129581160953,0.00021185895345946334,1.0,0.0007373129581160953,1.0,0.006596222738519267,0.9966666666666667,0.9966666666666666,0.9966666296292181,1.3645288000116125,720,180,300,2,2,6,2498,,,,,,,,,
circles,BP-Adam,9,core,bp,0,0,0,0,,73,93,True,0.0006382302723680073,0.00515610554156389,0.9958333333333333,0.0006382302723680073,1.0,0.02245341591252943,0.9933333333333333,0.9933333333333334,0.9933330370238678,0.7436212000320666,720,180,300,2,2,6,2498,,,,,,,,,
circles,BP-MWBP,0,core,bp,0,0,0,0,,93,113,True,0.013081777975314601,0.012273986510665486,0.9972222222222222,0.013081777975314601,1.0,0.01759966921018122,0.9933333333333333,0.9933333333333334,0.9933330370238678,2.7263273999560624,720,180,300,2,2,6,2498,,,,0.041361003311388,1.295794533936842,0.18377141308228861,-0.2358536366685756,1.1503265159512144,3.0311561733284274
moons,CAT64-MWBP-local-EM,9,core,cat,64,2,64,320,,76,96,True,0.13599605874218135,0.0833607599884307,0.9638888888888889,0.13599605874218135,0.9388888888888889,0.11127014447749986,0.9633333333333334,0.9633333333333334,0.9633296662999633,17.131182799988892,720,180,300,2,2,6,2498,2.28592041015625,0.1978893543478152,0.19788420649995042,0.06628341813023182,1.8890087398701016,1.8890087398701016,-0.4568437405630704,1.7525707436361273,5.856379543760354
circles,BP-MWBP,1,core,bp,0,0,0,0,,141,150,False,0.0030220254715888325,0.005338420352901278,0.9986111111111111,0.0030220254715888325,1.0,0.021281444548444363,0.9933333333333333,0.9933333333333334,0.9933330370238678,3.5751920000184327,720,180,300,2,2,6,2498,,,,0.2736710114873727,1.1561234234784052,0.15436665636888247,-0.2358644672110327,1.0684668067885712,2.839037309556577
circles,BP-MWBP,2,core,bp,0,0,0,0,,147,150,False,0.0024687973719370003,0.00602637788811214,1.0,0.0024687973719370003,1.0,0.012698195884913398,0.9933333333333333,0.9933333333333333,0.9933333333333333,3.902726000000257,720,180,300,2,2,6,2498,,,,0.0183790574351042,1.116229853037141,0.17784037373071865,-0.2358493710720523,1.0867079370075814,2.8807360847197265
circles,BP-MWBP,4,core,bp,0,0,0,0,,82,102,True,0.022297611980053405,0.009373353802314561,1.0,0.022297611980053405,0.9888888888888889,0.02189073376514931,0.99,0.99,0.9899998888876543,2.1547788999741897,720,180,300,2,2,6,2498,,,,0.02682635771942554,1.299575815553953,0.1864748754731675,-0.23586574756292,1.155484441650804,3.0437190863777337
circles,BP-MWBP,3,core,bp,0,0,0,0,,134,150,False,0.003678233121497349,0.006802067235620783,0.9972222222222222,0.003678233121497349,1.0,0.022405874654823396,0.99,0.99,0.9899989998999901,3.397320899995975,720,180,300,2,2,6,2498,,,,0.03805370493636714,1.2493360862092624,0.18341464445420957,-0.235861857511496,1.1348649275740703,2.9939136006072826
circles,BP-MWBP,5,core,bp,0,0,0,0,,148,150,False,0.005396883456499496,0.00429865834481346,1.0,0.005396883456499496,1.0,0.009422568745403826,0.9966666666666667,0.9966666666666666,0.9966666296292181,3.557483999989927,720,180,300,2,2,6,2498,,,,0.0016794332897265283,1.3545731492942281,0.19042402995703359,-0.2358660603247867,1.1774116513314372,3.0975831219201035
circles,BP-MWBP,6,core,bp,0,0,0,0,,147,150,False,0.002890425789815503,0.006611681713560559,0.9986111111111111,0.002890425789815503,1.0,0.003632787819584086,1.0,1.0,1.0,3.7098227000096813,720,180,300,2,2,6,2498,,,,0.13482336253421495,0.9145761111775704,0.1435590270493734,-0.23584987624279635,0.9479102116107907,2.5779849593882984
circles,BP-MWBP,7,core,bp,0,0,0,0,,105,125,True,0.010352243051870592,0.0112062635957205,0.9972222222222222,0.010352243051870592,0.9944444444444445,0.009698148964368448,1.0,1.0,1.0,2.9941620999597944,720,180,300,2,2,6,2498,,,,0.558315293050919,0.8108230086495235,0.11113593488663849,-0.23577304702933574,0.8242461434108813,2.335008081989103
circles,BP-MWBP,8,core,bp,0,0,0,0,,98,118,True,0.011522535492410658,0.014451100304167398,0.9944444444444445,0.011522535492410658,0.9944444444444445,0.009118414229282458,1.0,1.0,1.0,2.767258200037759,720,180,300,2,2,6,2498,,,,0.07373763016577548,0.9496205219613533,0.1528074971864718,-0.23579918166345137,0.9715729640878905,2.627145029896397
circles,FA-Momentum,0,core,fa,0,0,0,0,,150,150,False,0.03305025730119464,0.020752632480084417,0.9972222222222222,0.03305025730119464,0.9833333333333333,0.01808774494471614,1.0,1.0,1.0,1.2423319999943487,720,180,300,2,2,6,2498,,,,,,,,,
circles,FA-Momentum,1,core,fa,0,0,0,0,,150,150,False,0.008083621042064558,0.010364694898203752,0.9972222222222222,0.008083621042064558,1.0,0.018821849704532607,0.9933333333333333,0.9933333333333334,0.9933330370238678,1.3124199999729171,720,180,300,2,2,6,2498,,,,,,,,,
circles,FA-Momentum,2,core,fa,0,0,0,0,,118,138,True,0.007167964999068901,0.010343928223107571,0.9986111111111111,0.007167964999068901,1.0,0.030620008039372468,0.99,0.99,0.9899998888876543,1.103784499980975,720,180,300,2,2,6,2498,,,,,,,,,
circles,FA-Momentum,3,core,fa,0,0,0,0,,150,150,False,0.009180275471189096,0.009435753628697178,1.0,0.009180275471189096,1.0,0.013840653124600871,0.9966666666666667,0.9966666666666666,0.9966666296292181,1.3051698999479413,720,180,300,2,2,6,2498,,,,,,,,,
circles,FA-Momentum,4,core,fa,0,0,0,0,,121,141,True,0.02021462322163951,0.005422993099600645,1.0,0.02021462322163951,0.9944444444444445,0.028846351054744937,0.9866666666666667,0.9866666666666667,0.9866666666666667,1.2286746999598108,720,180,300,2,2,6,2498,,,,,,,,,
circles,BP-MWBP,9,core,bp,0,0,0,0,,147,150,False,0.0036501855160251326,0.005613833234462499,0.9986111111111111,0.0036501855160251326,1.0,0.011458225522855312,0.9966666666666667,0.9966666666666666,0.9966666296292181,3.825079199974425,720,180,300,2,2,6,2498,,,,0.011864096430492023,1.25748154236577,0.18576103719814024,-0.23585657575026522,1.1416964888914545,3.0103081583605715
circles,FA-Momentum,5,core,fa,0,0,0,0,,150,150,False,0.013879380167627926,0.008309929329872599,0.9986111111111111,0.013879380167627926,0.9944444444444445,0.01438792991700596,0.9966666666666667,0.9966666666666666,0.9966666296292181,1.3718427999992855,720,180,300,2,2,6,2498,,,,,,,,,
circles,FA-Momentum,6,core,fa,0,0,0,0,,145,150,False,0.006090625046660536,0.01191852376156224,0.9986111111111111,0.006090625046660536,1.0,0.006169945987324634,1.0,1.0,1.0,1.3723607999854721,720,180,300,2,2,6,2498,,,,,,,,,
circles,FA-Momentum,7,core,fa,0,0,0,0,,150,150,False,0.015763913079838883,0.017205847627044232,0.9972222222222222,0.015763913079838883,1.0,0.01676528046194068,1.0,1.0,1.0,1.3259909999906085,720,180,300,2,2,6,2498,,,,,,,,,
circles,FA-Momentum,8,core,fa,0,0,0,0,,137,150,False,0.01538572960896709,0.016603613897010237,0.9944444444444445,0.01538572960896709,0.9944444444444445,0.010395556017247195,1.0,1.0,1.0,1.4362671000417322,720,180,300,2,2,6,2498,,,,,,,,,
circles,FA-Momentum,9,core,fa,0,0,0,0,,150,150,False,0.059920279827511004,0.06698122190819258,0.9944444444444445,0.059920279827511004,1.0,0.0700339488615234,0.99,0.99,0.9899998888876543,1.3139351999852806,720,180,300,2,2,6,2498,,,,,,,,,
circles,DFA-Momentum,0,core,dfa,0,0,0,0,,93,113,True,0.019095269609187122,0.009515792256394344,0.9986111111111111,0.019095269609187122,0.9888888888888889,0.015005411989095725,0.9933333333333333,0.9933333333333333,0.9933333333333333,0.9157019999693148,720,180,300,2,2,6,2498,,,,,,,,,
circles,DFA-Momentum,1,core,dfa,0,0,0,0,,150,150,False,0.003911342367692542,0.0029577790181321887,1.0,0.003911342367692542,1.0,0.018342825716543734,0.9966666666666667,0.9966666666666666,0.9966666296292181,1.2475832999916747,720,180,300,2,2,6,2498,,,,,,,,,
circles,DFA-Momentum,4,core,dfa,0,0,0,0,,66,86,True,0.016304395526187433,0.016241322332862237,0.9958333333333333,0.016304395526187433,0.9944444444444445,0.05148157708862064,0.9833333333333333,0.9833333333333334,0.9833316664999834,0.8060115999542177,720,180,300,2,2,6,2498,,,,,,,,,
circles,DFA-Momentum,3,core,dfa,0,0,0,0,,149,150,False,0.003998896807218384,0.003910075025008423,1.0,0.003998896807218384,1.0,0.012728193440272099,0.9933333333333333,0.9933333333333334,0.9933330370238678,1.2399711000034586,720,180,300,2,2,6,2498,,,,,,,,,
circles,DFA-Momentum,2,core,dfa,0,0,0,0,,149,150,False,0.005915372264811644,0.006542609566895285,1.0,0.005915372264811644,1.0,0.017595406406528707,0.9966666666666667,0.9966666666666666,0.9966666296292181,1.3324633999727666,720,180,300,2,2,6,2498,,,,,,,,,
circles,DFA-Momentum,5,core,dfa,0,0,0,0,,148,150,False,0.0026064818441221115,0.002756096192520795,1.0,0.0026064818441221115,1.0,0.006722436830285009,0.9966666666666667,0.9966666666666666,0.9966666296292181,1.2787474999786355,720,180,300,2,2,6,2498,,,,,,,,,
circles,DFA-Momentum,8,core,dfa,0,0,0,0,,122,142,True,0.01493489829878066,0.012681901467031197,0.9944444444444445,0.01493489829878066,0.9944444444444445,0.005827491735339932,1.0,1.0,1.0,1.2337329999427311,720,180,300,2,2,6,2498,,,,,,,,,
circles,DFA-Momentum,7,core,dfa,0,0,0,0,,147,150,False,0.005237165728812983,0.009563461717487865,0.9972222222222222,0.005237165728812983,1.0,0.012302569191594477,0.9933333333333333,0.9933333333333333,0.9933333333333333,1.239247199962847,720,180,300,2,2,6,2498,,,,,,,,,
circles,DFA-Momentum,6,core,dfa,0,0,0,0,,146,150,False,0.006777647036147806,0.01068771252335254,0.9986111111111111,0.006777647036147806,1.0,0.0047986321697029745,1.0,1.0,1.0,1.375282299995888,720,180,300,2,2,6,2498,,,,,,,,,
circles,LocalHead-Momentum,2,core,localhead,0,0,0,0,,8,28,True,0.6933398886008669,0.701075914601682,0.48194444444444445,0.6933398886008669,0.5333333333333333,0.7019098345774321,0.48,0.48,0.4794215795328142,0.35005120001733303,720,180,300,2,2,6,2498,,,,,,,,,
circles,DFA-Momentum,9,core,dfa,0,0,0,0,,141,150,False,0.003707380938444673,0.004152602903603839,1.0,0.003707380938444673,1.0,0.008312831543026311,0.9966666666666667,0.9966666666666666,0.9966666296292181,1.1806905000121333,720,180,300,2,2,6,2498,,,,,,,,,
circles,LocalHead-Momentum,4,core,localhead,0,0,0,0,,5,25,True,0.6860538054457073,0.7003170822752002,0.475,0.6860538054457073,0.5277777777777778,0.6970319175937008,0.4533333333333333,0.4533333333333333,0.4503775861298539,0.2896477000322193,720,180,300,2,2,6,2498,,,,,,,,,
circles,LocalHead-Momentum,1,core,localhead,0,0,0,0,,150,150,False,0.05191490749464338,0.04222149188028821,0.9888888888888889,0.05191490749464338,0.9888888888888889,0.05721449284678833,0.9866666666666667,0.9866666666666667,0.9866642958748222,1.4392791000427678,720,180,300,2,2,6,2498,,,,,,,,,
circles,LocalHead-Momentum,0,core,localhead,0,0,0,0,,147,150,False,0.03491126649241155,0.042237830619195955,0.9861111111111112,0.03491126649241155,0.9944444444444445,0.039323657192366995,0.99,0.99,0.9899998888876543,1.5609150000382215,720,180,300,2,2,6,2498,,,,,,,,,
circles,LocalHead-Momentum,3,core,localhead,0,0,0,0,,150,150,False,0.0035416497507350974,0.02076874660594103,0.9944444444444445,0.0035416497507350974,1.0,0.028363357765886613,0.9933333333333333,0.9933333333333334,0.9933330370238678,1.475005600019358,720,180,300,2,2,6,2498,,,,,,,,,
circles,LocalHead-Momentum,5,core,localhead,0,0,0,0,,142,150,False,0.0014563135238086396,0.003789595480882308,0.9986111111111111,0.0014563135238086396,1.0,0.02200245776653736,0.99,0.99,0.9899998888876543,1.5105405999929644,720,180,300,2,2,6,2498,,,,,,,,,
circles,LocalHead-Momentum,6,core,localhead,0,0,0,0,,143,150,False,0.0013816453377339844,0.020097992438095322,0.9944444444444445,0.0013816453377339844,1.0,0.0006201050322146405,1.0,1.0,1.0,1.5229600999737158,720,180,300,2,2,6,2498,,,,,,,,,
circles,LocalHead-Momentum,7,core,localhead,0,0,0,0,,150,150,False,0.06829412162032499,0.046696672607163446,0.9861111111111112,0.06829412162032499,0.9722222222222222,0.046974308848815385,0.99,0.99,0.9899998888876543,1.7660971999866888,720,180,300,2,2,6,2498,,,,,,,,,
circles,LocalHead-Momentum,8,core,localhead,0,0,0,0,,149,150,False,0.03261983901444166,0.02960653890606923,0.9888888888888889,0.03261983901444166,0.9944444444444445,0.012467766875182917,0.9966666666666667,0.9966666666666666,0.9966666296292181,1.5694070999743417,720,180,300,2,2,6,2498,,,,,,,,,
circles,LocalHead-Momentum,9,core,localhead,0,0,0,0,,148,150,False,0.0014993805202329449,0.02832968884650391,0.9930555555555556,0.0014993805202329449,1.0,0.0713770276750906,0.98,0.98,0.98,1.6521406000247225,720,180,300,2,2,6,2498,,,,,,,,,
circles,AR64-Momentum,0,core,ar,64,1,64,320,0.16,93,113,True,0.013082826798383223,0.01169843158725211,0.9972222222222222,0.013082826798383223,1.0,0.016863267053907963,0.9933333333333333,0.9933333333333334,0.9933330370238678,14.369325699983165,720,180,300,2,2,6,2498,,,,,,,,,
circles,AR64-Momentum,1,core,ar,64,1,64,320,0.16,144,150,False,0.0028932858974941456,0.003946476389413155,1.0,0.0028932858974941456,1.0,0.018896078575115046,0.9933333333333333,0.9933333333333334,0.9933330370238678,18.70925980003085,720,180,300,2,2,6,2498,,,,,,,,,
circles,AR64-Momentum,2,core,ar,64,1,64,320,0.16,147,150,False,0.0028884293114789447,0.00654093066062103,1.0,0.0028884293114789447,1.0,0.014111611636367523,0.9933333333333333,0.9933333333333333,0.9933333333333333,19.41309290000936,720,180,300,2,2,6,2498,,,,,,,,,
circles,AR64-Momentum,3,core,ar,64,1,64,320,0.16,134,150,False,0.0035434697213939676,0.006685797228816518,0.9972222222222222,0.0035434697213939676,1.0,0.021711020040698848,0.99,0.99,0.9899989998999901,19.131036199978553,720,180,300,2,2,6,2498,,,,,,,,,
circles,AR64-Momentum,4,core,ar,64,1,64,320,0.16,73,93,True,0.02151130089871428,0.01071639513890597,1.0,0.02151130089871428,0.9888888888888889,0.024570349882715954,0.9933333333333333,0.9933333333333333,0.9933333333333333,11.625133400026243,720,180,300,2,2,6,2498,,,,,,,,,
circles,AR64-Momentum,7,core,ar,64,1,64,320,0.16,105,125,True,0.010384145616987465,0.011223791880343404,0.9972222222222222,0.010384145616987465,0.9944444444444445,0.009753434132044016,1.0,1.0,1.0,15.468233500025235,720,180,300,2,2,6,2498,,,,,,,,,
circles,AR64-Momentum,5,core,ar,64,1,64,320,0.16,148,150,False,0.00407577611416073,0.003126934927930844,1.0,0.00407577611416073,1.0,0.007805277241976601,0.9966666666666667,0.9966666666666666,0.9966666296292181,18.90851159999147,720,180,300,2,2,6,2498,,,,,,,,,
circles,AR64-Momentum,6,core,ar,64,1,64,320,0.16,148,150,False,0.0028059163248634815,0.006770092265099533,0.9986111111111111,0.0028059163248634815,1.0,0.003929918369133483,1.0,1.0,1.0,18.973062900011428,720,180,300,2,2,6,2498,,,,,,,,,
circles,AR64-Momentum,8,core,ar,64,1,64,320,0.16,98,118,True,0.01154066210275238,0.014475605524825467,0.9944444444444445,0.01154066210275238,0.9944444444444445,0.00914963200582914,1.0,1.0,1.0,15.00293519999832,720,180,300,2,2,6,2498,,,,,,,,,
circles,CAT40-Momentum,0,core,cat,40,2,40,200,,93,113,True,0.013511200642843273,0.012000691222919599,0.9972222222222222,0.013511200642843273,1.0,0.01766075890324213,0.99,0.99,0.9899998888876543,11.85983029997442,720,180,300,2,2,6,2498,,,,,,,,,
circles,CAT40-Momentum,1,core,cat,40,2,40,200,,144,150,False,0.003114206764150849,0.004208108843273045,1.0,0.003114206764150849,1.0,0.01910704788168799,0.9933333333333333,0.9933333333333334,0.9933330370238678,15.705965399974957,720,180,300,2,2,6,2498,,,,,,,,,
circles,AR64-Momentum,9,core,ar,64,1,64,320,0.16,147,150,False,0.0034401539940702823,0.005426255943320273,0.9986111111111111,0.0034401539940702823,1.0,0.01134268093467448,0.9966666666666667,0.9966666666666666,0.9966666296292181,19.405908000015188,720,180,300,2,2,6,2498,,,,,,,,,
circles,CAT40-Momentum,2,core,cat,40,2,40,200,,147,150,False,0.00327843565853031,0.0069822702681542285,1.0,0.00327843565853031,1.0,0.014828403445618952,0.99,0.99,0.9899998888876543,16.187975300010294,720,180,300,2,2,6,2498,,,,,,,,,
circles,CAT40-Momentum,3,core,cat,40,2,40,200,,134,150,False,0.003750249382297839,0.007055589848331989,0.9972222222222222,0.003750249382297839,1.0,0.021478991384016908,0.99,0.99,0.9899989998999901,15.87596689997008,720,180,300,2,2,6,2498,,,,,,,,,
circles,CAT40-Momentum,4,core,cat,40,2,40,200,,103,123,True,0.020886552106040058,0.006550694808266233,1.0,0.020886552106040058,0.9888888888888889,0.023232051637903095,0.99,0.99,0.9899998888876543,12.99087530001998,720,180,300,2,2,6,2498,,,,,,,,,
circles,CAT40-Momentum,5,core,cat,40,2,40,200,,148,150,False,0.004422410632961996,0.0033801427927904865,1.0,0.004422410632961996,1.0,0.008015555142668678,0.9966666666666667,0.9966666666666666,0.9966666296292181,15.784801199974027,720,180,300,2,2,6,2498,,,,,,,,,
circles,CAT40-Momentum,6,core,cat,40,2,40,200,,148,150,False,0.002963550855056507,0.0070384214781338,0.9986111111111111,0.002963550855056507,1.0,0.003839629546989527,1.0,1.0,1.0,15.992029300017748,720,180,300,2,2,6,2498,,,,,,,,,
circles,CAT40-Momentum,8,core,cat,40,2,40,200,,98,118,True,0.01167390862044754,0.014956319543999272,0.9944444444444445,0.01167390862044754,0.9944444444444445,0.009388896701508536,1.0,1.0,1.0,12.583442299976014,720,180,300,2,2,6,2498,,,,,,,,,
circles,CAT40-Momentum,7,core,cat,40,2,40,200,,140,150,False,0.009493861392214312,0.010115753879889652,0.9972222222222222,0.009493861392214312,0.9944444444444445,0.00944459609763893,1.0,1.0,1.0,16.376281299977563,720,180,300,2,2,6,2498,,,,,,,,,
circles,CAT40-Momentum,9,core,cat,40,2,40,200,,147,150,False,0.003665214442042914,0.005654868471250153,0.9986111111111111,0.003665214442042914,1.0,0.011513872435269879,0.9966666666666667,0.9966666666666666,0.9966666296292181,15.686327999981586,720,180,300,2,2,6,2498,,,,,,,,,
circles,CAT64-Momentum,0,core,cat,64,2,64,320,,93,113,True,0.01306781642046803,0.011686968835494657,0.9972222222222222,0.01306781642046803,1.0,0.016835958246146015,0.9933333333333333,0.9933333333333334,0.9933330370238678,19.332724200037774,720,180,300,2,2,6,2498,,,,,,,,,
circles,CAT64-Momentum,1,core,cat,64,2,64,320,,144,150,False,0.0028856207714450677,0.00393684336493577,1.0,0.0028856207714450677,1.0,0.01888785050287625,0.9933333333333333,0.9933333333333334,0.9933330370238678,27.855467799992766,720,180,300,2,2,6,2498,,,,,,,,,
circles,CAT64-Momentum,4,core,cat,64,2,64,320,,73,93,True,0.021510772877855713,0.010665958320680938,1.0,0.021510772877855713,0.9888888888888889,0.02455468867189,0.9933333333333333,0.9933333333333333,0.9933333333333333,17.667089199996553,720,180,300,2,2,6,2498,,,,,,,,,
circles,CAT64-Momentum,2,core,cat,64,2,64,320,,147,150,False,0.002874829855221982,0.0065240716678561395,1.0,0.002874829855221982,1.0,0.014080381640694849,0.9933333333333333,0.9933333333333333,0.9933333333333333,28.2557136999676,720,180,300,2,2,6,2498,,,,,,,,,
circles,CAT64-Momentum,3,core,cat,64,2,64,320,,134,150,False,0.0035361050797694457,0.006672146619123182,0.9972222222222222,0.0035361050797694457,1.0,0.0217203306157813,0.99,0.99,0.9899989998999901,28.040019000007305,720,180,300,2,2,6,2498,,,,,,,,,
circles,CAT64-Momentum,7,core,cat,64,2,64,320,,105,125,True,0.010367111795867372,0.01121454926226602,0.9972222222222222,0.010367111795867372,0.9944444444444445,0.00973619786127272,1.0,1.0,1.0,22.4505842999788,720,180,300,2,2,6,2498,,,,,,,,,
circles,CAT64-Momentum,5,core,cat,64,2,64,320,,148,150,False,0.004062907814968164,0.003117633995386272,1.0,0.004062907814968164,1.0,0.007796110251587939,0.9966666666666667,0.9966666666666666,0.9966666296292181,26.489014799997676,720,180,300,2,2,6,2498,,,,,,,,,
circles,CAT64-Momentum,8,core,cat,64,2,64,320,,98,118,True,0.011535177129825677,0.014457757591955157,0.9944444444444445,0.011535177129825677,0.9944444444444445,0.009140676533047289,1.0,1.0,1.0,20.78498789999867,720,180,300,2,2,6,2498,,,,,,,,,
circles,CAT64-Momentum,6,core,cat,64,2,64,320,,148,150,False,0.002799892111066419,0.006760519755798119,0.9986111111111111,0.002799892111066419,1.0,0.003934718579045454,1.0,1.0,1.0,26.071292600012384,720,180,300,2,2,6,2498,,,,,,,,,
circles,CAT64-MWBP,0,core,cat,64,2,64,320,,93,113,True,0.01309597100713205,0.012286998191378422,0.9972222222222222,0.01309597100713205,1.0,0.017639898401568613,0.9933333333333333,0.9933333333333334,0.9933330370238678,20.382664199976716,720,180,300,2,2,6,2498,,,,0.04158523347135976,1.2955639655142805,0.18374899303011788,-0.2358534750208426,1.1502057304294915,3.030862899709427
circles,CAT64-Momentum,9,core,cat,64,2,64,320,,147,150,False,0.0034311691950266077,0.005414746267346281,0.9986111111111111,0.0034311691950266077,1.0,0.011330476386750317,0.9966666666666667,0.9966666666666666,0.9966666296292181,24.918286799977068,720,180,300,2,2,6,2498,,,,,,,,,
circles,CAT64-MWBP,1,core,cat,64,2,64,320,,141,150,False,0.00303235730032796,0.005353007778049986,0.9986111111111111,0.00303235730032796,1.0,0.02128941723670989,0.9933333333333333,0.9933333333333334,0.9933330370238678,26.367363600002136,720,180,300,2,2,6,2498,,,,0.2738142169819113,1.156102228022901,0.15436786176675757,-0.2358644738589297,1.0684449732729075,2.8389877361558393
circles,CAT64-MWBP,2,core,cat,64,2,64,320,,147,150,False,0.002479228664057464,0.006041351036968942,1.0,0.002479228664057464,1.0,0.012731104796404963,0.9933333333333333,0.9933333333333333,0.9933333333333333,26.891715099976864,720,180,300,2,2,6,2498,,,,0.01834435280458384,1.1165954918924523,0.17783402876270496,-0.23584948064809316,1.0868060723785185,2.8809625078287007
circles,CAT64-MWBP,4,core,cat,64,2,64,320,,82,102,True,0.02229450231546749,0.009419530971963281,1.0,0.02229450231546749,0.9888888888888889,0.02190298742595712,0.99,0.99,0.9899998888876543,18.57074500003364,720,180,300,2,2,6,2498,,,,0.02694303185470486,1.299281918489706,0.18645155321424745,-0.23586573878257858,1.1553658132212092,3.043430221413814
circles,CAT64-MWBP,3,core,cat,64,2,64,320,,134,150,False,0.0036871671561127966,0.006815254681606901,0.9972222222222222,0.0036871671561127966,1.0,0.02238912796859615,0.99,0.99,0.9899989998999901,28.295636099996045,720,180,300,2,2,6,2498,,,,0.03841545484633677,1.2490052040041215,0.1833717981033653,-0.23586179741487195,1.134683736628646,2.99347951211171
circles,CAT64-MWBP,5,core,cat,64,2,64,320,,148,150,False,0.005413971023555663,0.004310627589766291,1.0,0.005413971023555663,1.0,0.009433371427452623,0.9966666666666667,0.9966666666666666,0.9966666296292181,29.13121730001876,720,180,300,2,2,6,2498,,,,0.0016784715565799893,1.3545585525780701,0.19042268654157413,-0.23586606387702916,1.1774059622756672,3.0975690328963315
circles,CAT64-MWBP,6,core,cat,64,2,64,320,,147,150,False,0.0029018098685213638,0.006626165416898145,0.9986111111111111,0.0029018098685213638,1.0,0.0036358426924809764,1.0,1.0,1.0,29.931581699987873,720,180,300,2,2,6,2498,,,,0.13532412360740123,0.9170892410927662,0.1438876299171663,-0.23585035065181703,0.9493369860468119,2.5809301813388323
circles,CAT64-MWBP,7,core,cat,64,2,64,320,,105,125,True,0.010374148844995474,0.01121735842474582,0.9972222222222222,0.010374148844995474,0.9944444444444445,0.00971898313382732,1.0,1.0,1.0,25.423377000028268,720,180,300,2,2,6,2498,,,,0.5583409525338799,0.8120249529730467,0.111275697763647,-0.2357730490581167,0.8252149688988484,2.3368185595800015
circles,CAT64-MWBP,8,core,cat,64,2,64,320,,98,118,True,0.011528894452053635,0.01447295584477079,0.9944444444444445,0.011528894452053635,0.9944444444444445,0.009131661133739054,1.0,1.0,1.0,24.065050599980168,720,180,300,2,2,6,2498,,,,0.07326111253070529,0.9516430697338791,0.1529797326071569,-0.2358000094291213,0.9727845255195626,2.6296943638137833
circles,CAT64-MWBP-local,0,core,cat,64,2,64,320,,93,113,True,0.013177834822332759,0.012439705884812654,0.9972222222222222,0.013177834822332759,1.0,0.017716337709320275,0.9933333333333333,0.9933333333333334,0.9933330370238678,22.88245570001891,720,180,300,2,2,6,2498,,,,0.10302785681769067,2.8591069382302856,2.8591069382302856,-0.5999569907898645,1.9999999999999982,8.004193506325954
circles,CAT64-MWBP,9,core,cat,64,2,64,320,,147,150,False,0.0036619324909317147,0.005631461297811631,0.9986111111111111,0.0036619324909317147,1.0,0.011479543981763228,0.9966666666666667,0.9966666666666666,0.9966666296292181,30.346686900011264,720,180,300,2,2,6,2498,,,,0.011965153469065314,1.2574099509835084,0.1857445487322477,-0.23585655797529279,1.1416869891272894,3.0102852378672598
circles,CAT64-MWBP-local,1,core,cat,64,2,64,320,,141,150,False,0.00303440844724318,0.005345916603377621,0.9986111111111111,0.00303440844724318,1.0,0.021182494654703836,0.9933333333333333,0.9933333333333334,0.9933330370238678,30.4927522999933,720,180,300,2,2,6,2498,,,,0.14054843000976922,2.7653403470025983,2.7653403470025983,-0.5999943151809998,1.988147909518867,7.928895777703688
circles,CAT64-MWBP-local,2,core,cat,64,2,64,320,,147,150,False,0.0023790689891063418,0.005946488069632156,1.0,0.0023790689891063418,1.0,0.012383206232255223,0.9933333333333333,0.9933333333333333,0.9933333333333333,30.198898800008465,720,180,300,2,2,6,2498,,,,0.09817961599075525,2.729072704626164,2.729072704626164,-0.5999262508677474,2.000000000000002,8.003996670118285
circles,CAT64-MWBP-local,4,core,cat,64,2,64,320,,82,102,True,0.022521424059085988,0.009651200168680782,1.0,0.022521424059085988,0.9888888888888889,0.022180714175043133,0.99,0.99,0.9899998888876543,20.349211600027047,720,180,300,2,2,6,2498,,,,0.09250856027884943,2.859225287950487,2.859225287950487,-0.599996883567589,1.9999999999999976,8.00444895801213
circles,CAT64-MWBP-local,3,core,cat,64,2,64,320,,134,150,False,0.0037573657903678314,0.006863999227948421,0.9972222222222222,0.0037573657903678314,1.0,0.022592322938504963,0.99,0.99,0.9899989998999901,30.101433600008022,720,180,300,2,2,6,2498,,,,0.10607141163553307,2.8260618725318563,2.8260618725318563,-0.5999859969239925,1.9999999999999991,8.004379245049323
circles,CAT64-MWBP-local,5,core,cat,64,2,64,320,,150,150,False,0.005042095157214859,0.003855240291355052,1.0,0.005042095157214859,1.0,0.008397976867389693,0.9966666666666667,0.9966666666666666,0.9966666296292181,29.378716599952895,720,180,300,2,2,6,2498,,,,0.07421608919086631,2.889771251526404,2.889771251526404,-0.5999985781136358,1.9999999999999993,8.004459809145366
circles,CAT64-MWBP-local,7,core,cat,64,2,64,320,,105,125,True,0.010381746450795388,0.011215912273734356,0.9972222222222222,0.010381746450795388,0.9944444444444445,0.009704980745543244,1.0,1.0,1.0,23.827608199964743,720,180,300,2,2,6,2498,,,,0.43216146330358385,2.5026196344590383,2.5026196344590383,-0.5997010438997542,1.8853641856734358,7.301298314620504
circles,CAT64-MWBP-local,6,core,cat,64,2,64,320,,147,150,False,0.0029094116508213415,0.00663839182471335,0.9986111111111111,0.0029094116508213415,1.0,0.0036981144733532643,1.0,1.0,1.0,29.083306399988942,720,180,300,2,2,6,2498,,,,0.1992581321372879,2.6860893108087143,2.6860893108087143,-0.5999400825524223,1.9999999999999978,8.004085237614738
circles,CAT64-MWBP-local,8,core,cat,64,2,64,320,,98,118,True,0.011534290502184241,0.014472567947476506,0.9944444444444445,0.011534290502184241,0.9944444444444445,0.009138603411683594,1.0,1.0,1.0,21.961400099971797,720,180,300,2,2,6,2498,,,,0.04908307202241897,2.7031458405172466,2.7031458405172466,-0.5997774536474562,1.9999999999999991,8.003043948859714
circles,CAT64-MWBP-local-EM,0,core,cat,64,2,64,320,,93,113,True,0.013183941903447202,0.01243375984553001,0.9972222222222222,0.013183941903447202,1.0,0.01770748617681295,0.9933333333333333,0.9933333333333334,0.9933330370238678,20.05174139997689,720,180,300,2,2,6,2498,2.34485107421875,0.12295922714173832,0.12296668780286885,0.034422067179505515,2.5241794170102807,2.5241794170102807,-0.46893432626394044,1.9999999999999993,7.207682427598529
circles,CAT64-MWBP-local,9,core,cat,64,2,64,320,,147,150,False,0.0037476579038440237,0.005699388023745851,0.9986111111111111,0.0037476579038440237,1.0,0.011502492552635255,0.9966666666666667,0.9966666666666666,0.9966666296292181,25.718071900017094,720,180,300,2,2,6,2498,,,,0.07652149737762025,2.8274277472943035,2.8274277472943035,-0.5999688904884444,2.0,8.00426970468074
circles,CAT64-MWBP-local-EM,1,core,cat,64,2,64,320,,141,150,False,0.0030339477073261234,0.005346067951756631,0.9986111111111111,0.0030339477073261234,1.0,0.02118548029963899,0.9933333333333333,0.9933333333333334,0.9933330370238678,26.135709399997722,720,180,300,2,2,6,2498,2.186975097656249,0.11138127170232659,0.11135105023415717,0.12282475936381082,2.336923368978741,2.336923368978741,-0.43739063536782485,1.960009895813787,6.806788513059203
circles,CAT64-MWBP-local-EM,2,core,cat,64,2,64,320,,147,150,False,0.002380279231826171,0.005947209948320937,1.0,0.002380279231826171,1.0,0.012394238857388554,0.9933333333333333,0.9933333333333333,0.9933333333333333,26.23250340000959,720,180,300,2,2,6,2498,2.32084228515625,0.16487666344154273,0.16483898721588552,0.0315078658231044,2.4344536276830473,2.4344536276830473,-0.46411113288924943,1.9999999999999996,7.179924777338138
circles,CAT64-MWBP-local-EM,4,core,cat,64,2,64,320,,82,102,True,0.022526689957024136,0.009654672083444085,1.0,0.022526689957024136,0.9888888888888889,0.022170122820519417,0.99,0.99,0.9899998888876543,18.537187199981418,720,180,300,2,2,6,2498,2.2888305664062503,0.15728865391084113,0.157278394889467,0.0204708554778355,2.4998862928517536,2.4998862928517536,-0.45776374565475664,2.000000000000001,7.143558178334824
circles,CAT64-MWBP-local-EM,3,core,cat,64,2,64,320,,134,150,False,0.0037600032668419054,0.006866233135867828,0.9972222222222222,0.0037600032668419054,1.0,0.02258629561772187,0.99,0.99,0.9899989998999901,27.178062900027726,720,180,300,2,2,6,2498,2.3368481445312503,0.16520221385871967,0.16516832247353797,0.035988800980944174,2.4997331637618547,2.4997331637618547,-0.46735824868813636,2.000000000000002,7.198600261163179
circles,CAT64-MWBP-local-EM,5,core,cat,64,2,64,320,,150,150,False,0.005066024962102936,0.0038804658613030537,1.0,0.005066024962102936,1.0,0.008415684852406485,0.9966666666666667,0.9966666666666666,0.9966666296292181,29.04409179999493,720,180,300,2,2,6,2498,2.2291723632812497,0.1995558833935413,0.1995132092030189,0.0042041597580901886,2.49081509175674,2.49081509175674,-0.4458334459384625,2.000000000000001,7.075702675933824
circles,CAT64-MWBP-local-EM,6,core,cat,64,2,64,320,,147,150,False,0.002901236823793877,0.006630686587824135,0.9986111111111111,0.002901236823793877,1.0,0.0036882335999737464,1.0,1.0,1.0,27.856498100038152,720,180,300,2,2,6,2498,2.2349926757812497,0.2675716497855247,0.26760556047887923,0.10879735087959692,1.9621817273365683,1.9621817273365683,-0.44695333704675844,1.778922032648925,5.934010526260234
iris,BP-Momentum,0,core,bp,0,0,0,0,,150,150,False,0.044764661314851885,0.10248534682685836,0.9550561797752809,0.044764661314851885,1.0,0.06297442714209012,1.0,1.0,1.0,0.18443859997205436,89,23,38,4,3,6,2571,,,,,,,,,
iris,BP-Momentum,1,core,bp,0,0,0,0,,150,150,False,0.041780467850719545,0.09679224375103632,0.9662921348314607,0.041780467850719545,1.0,0.07808949927712272,1.0,1.0,1.0,0.2313332999474369,89,23,38,4,3,6,2571,,,,,,,,,
iris,BP-Momentum,2,core,bp,0,0,0,0,,147,150,False,0.1361848511161814,0.11271447349315766,0.9438202247191011,0.1361848511161814,0.9565217391304348,0.04510069400578144,1.0,1.0,1.0,0.26599630003329366,89,23,38,4,3,6,2571,,,,,,,,,
iris,BP-Momentum,3,core,bp,0,0,0,0,,150,150,False,0.05638006489571996,0.07649984460872979,0.9775280898876404,0.05638006489571996,1.0,0.16479426717825846,0.8947368421052632,0.8931623931623932,0.8931623931623932,0.27814810001291335,89,23,38,4,3,6,2571,,,,,,,,,
iris,BP-Momentum,4,core,bp,0,0,0,0,,88,108,True,0.23617975257821455,0.08748409808212955,1.0,0.23617975257821455,0.9130434782608695,0.127797322879611,0.9473684210526315,0.9465811965811964,0.9465811965811964,0.1845632999902591,89,23,38,4,3,6,2571,,,,,,,,,
iris,BP-Momentum,5,core,bp,0,0,0,0,,150,150,False,0.0712180509780698,0.06435107861962236,0.9887640449438202,0.0712180509780698,1.0,0.12600052922733376,0.9736842105263158,0.9743589743589745,0.974320987654321,0.2658680999884382,89,23,38,4,3,6,2571,,,,,,,,,
iris,BP-Momentum,6,core,bp,0,0,0,0,,143,150,False,0.09130842368112893,0.09481467376021767,0.9662921348314607,0.09130842368112893,0.9565217391304348,0.10822306928869789,1.0,1.0,1.0,0.26991760003147647,89,23,38,4,3,6,2571,,,,,,,,,
iris,BP-Momentum,7,core,bp,0,0,0,0,,146,150,False,0.07018691328096932,0.06418585039144017,0.9775280898876404,0.07018691328096932,1.0,0.09523035681422361,0.9736842105263158,0.9743589743589745,0.9733333333333333,0.25780520000262186,89,23,38,4,3,6,2571,,,,,,,,,
iris,BP-Momentum,8,core,bp,0,0,0,0,,148,150,False,0.10636101773183693,0.06818373092315884,0.9887640449438202,0.10636101773183693,0.9565217391304348,0.18801965675451274,0.8947368421052632,0.8952991452991452,0.8931623931623932,0.26348720001988113,89,23,38,4,3,6,2571,,,,,,,,,
iris,BP-Momentum,9,core,bp,0,0,0,0,,150,150,False,0.04356694407013705,0.07226119130567112,0.9887640449438202,0.04356694407013705,1.0,0.13638315479014798,0.9210526315789473,0.9209401709401709,0.9199999999999999,0.14479320001555607,89,23,38,4,3,6,2571,,,,,,,,,
iris,BP-Adam,0,core,bp,0,0,0,0,,61,81,True,0.09650791171899413,0.1026442198029934,0.9662921348314607,0.09650791171899413,0.9565217391304348,0.05296985811280717,1.0,1.0,1.0,0.11601220001466572,89,23,38,4,3,6,2571,,,,,,,,,
iris,BP-Adam,1,core,bp,0,0,0,0,,137,150,False,0.0161359845516724,0.05723339995141946,0.9887640449438202,0.0161359845516724,1.0,0.026907963657578592,1.0,1.0,1.0,0.24002919998019934,89,23,38,4,3,6,2571,,,,,,,,,
iris,BP-Adam,2,core,bp,0,0,0,0,,75,95,True,0.05382897777603452,0.07508392847035034,0.9775280898876404,0.05382897777603452,1.0,0.020602225924291517,1.0,1.0,1.0,0.1528351999586448,89,23,38,4,3,6,2571,,,,,,,,,
iris,BP-Adam,3,core,bp,0,0,0,0,,150,150,False,0.007820943903989505,0.005960034886666258,1.0,0.007820943903989505,1.0,0.3965898509556542,0.9210526315789473,0.9188034188034188,0.9194847020933977,0.20294240000657737,89,23,38,4,3,6,2571,,,,,,,,,
iris,BP-Adam,4,core,bp,0,0,0,0,,27,47,True,0.28808717097631437,0.10635904769604806,1.0,0.28808717097631437,0.8695652173913043,0.15847440491244275,0.9473684210526315,0.9465811965811964,0.9465811965811964,0.0773926000110805,89,23,38,4,3,6,2571,,,,,,,,,
iris,BP-Adam,5,core,bp,0,0,0,0,,146,150,False,0.01035381499316696,0.033839265113096116,0.9887640449438202,0.01035381499316696,1.0,0.21121233413605922,0.9210526315789473,0.923076923076923,0.9229629629629629,0.1670544000226073,89,23,38,4,3,6,2571,,,,,,,,,
iris,BP-Adam,6,core,bp,0,0,0,0,,69,89,True,0.04267590299253083,0.08383073152948488,0.9775280898876404,0.04267590299253083,1.0,0.10094160078004065,0.9736842105263158,0.9743589743589745,0.974320987654321,0.09373469999991357,89,23,38,4,3,6,2571,,,,,,,,,
iris,BP-Adam,7,core,bp,0,0,0,0,,89,109,True,0.046594449775126355,0.04051031228768555,0.9775280898876404,0.046594449775126355,1.0,0.12253793055953299,0.9736842105263158,0.9743589743589745,0.9733333333333333,0.14149010000983253,89,23,38,4,3,6,2571,,,,,,,,,
iris,BP-Adam,8,core,bp,0,0,0,0,,118,138,True,0.034940560918873,0.042542362308493224,0.9775280898876404,0.034940560918873,1.0,0.27998229293012167,0.9210526315789473,0.9188034188034188,0.9194847020933977,0.17364550003549084,89,23,38,4,3,6,2571,,,,,,,,,
iris,BP-Adam,9,core,bp,0,0,0,0,,137,150,False,0.009094543221118101,0.08716129533498095,0.9662921348314607,0.009094543221118101,1.0,0.2175481703431948,0.9473684210526315,0.9465811965811964,0.9465811965811964,0.2424036000156775,89,23,38,4,3,6,2571,,,,,,,,,
iris,BP-MWBP,0,core,bp,0,0,0,0,,150,150,False,0.04318340170646175,0.10303720484411066,0.9550561797752809,0.04318340170646175,1.0,0.06253782388507752,1.0,1.0,1.0,0.5816527999704704,89,23,38,4,3,6,2571,,,,0.0031386150726447634,1.3331590404435099,0.18888477861651137,-0.23586388018988694,1.1690395100353008,3.076900355553895
iris,BP-MWBP,1,core,bp,0,0,0,0,,150,150,False,0.04591159150493882,0.10012716425879156,0.9662921348314607,0.04591159150493882,1.0,0.08310877473484445,1.0,1.0,1.0,0.7693990000407211,89,23,38,4,3,6,2571,,,,0.05389518802373222,1.182512105692273,0.179793060916768,-0.23586409069915762,1.0965534041618412,2.9035496214098324
iris,BP-MWBP,2,core,bp,0,0,0,0,,147,150,False,0.14061685725632375,0.11663620261551567,0.9438202247191011,0.14061685725632375,0.9565217391304348,0.047533114849637854,1.0,1.0,1.0,0.8388894000090659,89,23,38,4,3,6,2571,,,,0.033013612609221615,1.2126725790279542,0.18007899739737648,-0.23586127528909312,1.1115489162584051,2.938584942000663
iris,BP-MWBP,3,core,bp,0,0,0,0,,150,150,False,0.059078087785389914,0.07701970295010058,0.9775280898876404,0.059078087785389914,1.0,0.1664520300259867,0.8947368421052632,0.8931623931623932,0.8931623931623932,0.6712002999847755,89,23,38,4,3,6,2571,,,,0.007187283741663861,1.3290300336966283,0.18823744763476485,-0.2358645285054734,1.1656371985678968,3.0685384755848637
iris,BP-MWBP,4,core,bp,0,0,0,0,,111,131,True,0.24115236729325132,0.0809016942587575,1.0,0.24115236729325132,0.9130434782608695,0.1225947975806058,0.9473684210526315,0.9465811965811964,0.9465811965811964,0.5413938999990933,89,23,38,4,3,6,2571,,,,3.8750224602722095e-05,1.3587279420834595,0.1907148319813536,-0.23586624604878903,1.1789746417245444,3.1014591993772105
iris,BP-MWBP,5,core,bp,0,0,0,0,,150,150,False,0.07660969643987134,0.06922396896457018,0.9887640449438202,0.07660969643987134,1.0,0.12927633171210615,0.9736842105263158,0.9743589743589745,0.974320987654321,0.7457922999747097,89,23,38,4,3,6,2571,,,,0.004117926805113405,1.3375074148172423,0.18797954085207447,-0.2358647873028405,1.169013183774098,3.0768377864410494
circles,CAT64-MWBP-local-EM,7,core,cat,64,2,64,320,,105,125,True,0.010379376979910872,0.011212423346427707,0.9972222222222222,0.010379376979910872,0.9944444444444445,0.009700303296068916,1.0,1.0,1.0,24.884956400026567,720,180,300,2,2,6,2498,2.2349926757812497,0.22967141312404432,0.2296215433423312,0.27825828560797183,1.768512741917072,1.768512741917072,-0.44676877284665495,1.6519280049239575,5.359964876752138
iris,BP-MWBP,6,core,bp,0,0,0,0,,143,150,False,0.10013045531867357,0.10094887454542487,0.9662921348314607,0.10013045531867357,0.9565217391304348,0.11388198823962348,1.0,1.0,1.0,0.6465135000180453,89,23,38,4,3,6,2571,,,,0.004880723983308471,1.333041161171603,0.18922404060590067,-0.23586456071236098,1.169455527667292,3.077926237497346
iris,BP-MWBP,7,core,bp,0,0,0,0,,147,150,False,0.07368270356730287,0.06635323097425756,0.9775280898876404,0.07368270356730287,1.0,0.09627743562160195,0.9736842105263158,0.9743589743589745,0.9733333333333333,0.6175978999817744,89,23,38,4,3,6,2571,,,,0.035260656764925104,1.2927823357153674,0.1858339911861531,-0.23586404577229556,1.1459912668864063,3.0206868826973916
iris,BP-MWBP,8,core,bp,0,0,0,0,,148,150,False,0.10745472488563695,0.07003251298660462,0.9887640449438202,0.10745472488563695,0.9565217391304348,0.18933934502179933,0.8947368421052632,0.8952991452991452,0.8931623931623932,0.5543041999917477,89,23,38,4,3,6,2571,,,,0.03068235862167948,1.3103413190694908,0.1872015965817042,-0.23586491648595023,1.157385748162245,3.048350216707884
iris,FA-Momentum,0,core,fa,0,0,0,0,,150,150,False,0.16611100081679545,0.27700125981088386,0.9213483146067416,0.16611100081679545,0.9565217391304348,0.35995455574241775,0.8157894736842105,0.8162393162393163,0.8121309715512615,0.17136999999638647,89,23,38,4,3,6,2571,,,,,,,,,
iris,BP-MWBP,9,core,bp,0,0,0,0,,150,150,False,0.04739522489608787,0.07561802081776416,0.9887640449438202,0.04739522489608787,1.0,0.1367888460565907,0.9210526315789473,0.9209401709401709,0.9199999999999999,0.6412558000301942,89,23,38,4,3,6,2571,,,,0.0034716982666204753,1.3345883088511714,0.1893616151764495,-0.23585739723702495,1.169345683336068,3.0776381378632762
iris,FA-Momentum,1,core,fa,0,0,0,0,,150,150,False,0.2433604496296849,0.27260355036495004,0.898876404494382,0.2433604496296849,0.8260869565217391,0.3356101423284426,0.868421052631579,0.8717948717948718,0.8700649675162418,0.24665240000467747,89,23,38,4,3,6,2571,,,,,,,,,
iris,FA-Momentum,2,core,fa,0,0,0,0,,150,150,False,0.4494126900983508,0.45145617796549925,0.797752808988764,0.4494126900983508,0.782608695652174,0.39256045325666555,0.9473684210526315,0.9444444444444445,0.9458874458874459,0.19803999998839572,89,23,38,4,3,6,2571,,,,,,,,,
iris,FA-Momentum,3,core,fa,0,0,0,0,,123,143,True,0.477292350494011,0.449430588970524,0.8089887640449438,0.477292350494011,0.7391304347826086,0.4526199899173863,0.7631578947368421,0.75,0.7142857142857143,0.18810849997680634,89,23,38,4,3,6,2571,,,,,,,,,
iris,FA-Momentum,4,core,fa,0,0,0,0,,150,150,False,0.2568082073249451,0.18529419646318768,0.9438202247191011,0.2568082073249451,0.9130434782608695,0.23877766756744537,0.8947368421052632,0.8910256410256411,0.8917748917748919,0.19183090003207326,89,23,38,4,3,6,2571,,,,,,,,,
iris,FA-Momentum,6,core,fa,0,0,0,0,,126,146,True,0.3324974047143674,0.26740886353230064,0.898876404494382,0.3324974047143674,0.8695652173913043,0.41762625370121925,0.8421052631578947,0.8461538461538461,0.841604938271605,0.15061660000355914,89,23,38,4,3,6,2571,,,,,,,,,
iris,FA-Momentum,5,core,fa,0,0,0,0,,150,150,False,0.09250040744891273,0.12230618839903622,0.9550561797752809,0.09250040744891273,1.0,0.17544788225292407,0.9210526315789473,0.923076923076923,0.9229629629629629,0.21480920002795756,89,23,38,4,3,6,2571,,,,,,,,,
iris,FA-Momentum,8,core,fa,0,0,0,0,,1,21,True,0.8230065055443133,0.859273441959791,0.5955056179775281,0.8230065055443133,0.6521739130434783,0.8314199167179842,0.631578947368421,0.6153846153846154,0.5132275132275133,0.03712799999630079,89,23,38,4,3,6,2571,,,,,,,,,
iris,FA-Momentum,7,core,fa,0,0,0,0,,117,137,True,0.4525426963355499,0.3413007406252415,0.8539325842696629,0.4525426963355499,0.8260869565217391,0.3805211007061557,0.8157894736842105,0.8205128205128206,0.8019241652518393,0.14890460000606254,89,23,38,4,3,6,2571,,,,,,,,,
iris,FA-Momentum,9,core,fa,0,0,0,0,,150,150,False,0.07035999792921743,0.10942336133967528,0.9887640449438202,0.07035999792921743,1.0,0.21023448952782384,0.9210526315789473,0.9209401709401709,0.9199999999999999,0.23357519996352494,89,23,38,4,3,6,2571,,,,,,,,,
iris,DFA-Momentum,1,core,dfa,0,0,0,0,,1,21,True,0.9732836625987108,0.9474334086621642,0.5168539325842697,0.9732836625987108,0.5217391304347826,0.9310767757989082,0.5789473684210527,0.5833333333333334,0.5668324195673424,0.02874909999081865,89,23,38,4,3,6,2571,,,,,,,,,
iris,DFA-Momentum,0,core,dfa,0,0,0,0,,150,150,False,0.09067465761447821,0.2272424361651849,0.9213483146067416,0.09067465761447821,1.0,0.24733099258180324,0.868421052631579,0.8696581196581197,0.8658078368223295,0.2120678999926895,89,23,38,4,3,6,2571,,,,,,,,,
iris,DFA-Momentum,2,core,dfa,0,0,0,0,,67,87,True,0.46437658541922167,0.5270815594059841,0.6629213483146067,0.46437658541922167,0.6956521739130435,0.513813487052366,0.6578947368421053,0.6666666666666666,0.5495495495495496,0.11275900003965944,89,23,38,4,3,6,2571,,,,,,,,,
iris,DFA-Momentum,4,core,dfa,0,0,0,0,,4,24,True,0.9210392824781899,0.843502176526391,0.797752808988764,0.9210392824781899,0.6521739130434783,0.8480947348886949,0.7894736842105263,0.7841880341880342,0.7815461770580985,0.03698950004763901,89,23,38,4,3,6,2571,,,,,,,,,
iris,DFA-Momentum,5,core,dfa,0,0,0,0,,6,26,True,0.6672501833987324,0.678481798840677,0.6404494382022472,0.6672501833987324,0.6521739130434783,0.7088034991261364,0.6842105263157895,0.6923076923076924,0.6090225563909774,0.0338676999672316,89,23,38,4,3,6,2571,,,,,,,,,
iris,DFA-Momentum,3,core,dfa,0,0,0,0,,150,150,False,0.303300105402449,0.21470915309149355,0.9325842696629213,0.303300105402449,0.8260869565217391,0.447174674374523,0.8421052631578947,0.8376068376068376,0.8376623376623377,0.2263964000158012,89,23,38,4,3,6,2571,,,,,,,,,
iris,DFA-Momentum,7,core,dfa,0,0,0,0,,63,83,True,0.4042627788522799,0.327743031980271,0.8764044943820225,0.4042627788522799,0.8260869565217391,0.4148109273103263,0.8157894736842105,0.8119658119658119,0.8121309715512615,0.10871810000389814,89,23,38,4,3,6,2571,,,,,,,,,
iris,DFA-Momentum,6,core,dfa,0,0,0,0,,149,150,False,0.21846494978239117,0.22806405588995396,0.9213483146067416,0.21846494978239117,0.9130434782608695,0.3006806854300801,0.868421052631579,0.8717948717948718,0.8716049382716049,0.19690989999799058,89,23,38,4,3,6,2571,,,,,,,,,
iris,DFA-Momentum,8,core,dfa,0,0,0,0,,1,21,True,0.8218073951025361,0.8573132856248752,0.6067415730337079,0.8218073951025361,0.6521739130434783,0.8290979073399886,0.631578947368421,0.6153846153846154,0.5132275132275133,0.029118900012690574,89,23,38,4,3,6,2571,,,,,,,,,
iris,DFA-Momentum,9,core,dfa,0,0,0,0,,65,85,True,0.4876873796356394,0.46735085559789596,0.8202247191011236,0.4876873796356394,0.7391304347826086,0.47165982476949675,0.7631578947368421,0.7521367521367521,0.7326203208556151,0.10932599997613579,89,23,38,4,3,6,2571,,,,,,,,,
iris,LocalHead-Momentum,1,core,localhead,0,0,0,0,,1,21,True,0.9695009071622873,0.9453864347292774,0.5056179775280899,0.9695009071622873,0.5217391304347826,0.9285557913822863,0.5263157894736842,0.532051282051282,0.5281109445277361,0.035599199996795505,89,23,38,4,3,6,2571,,,,,,,,,
iris,LocalHead-Momentum,0,core,localhead,0,0,0,0,,150,150,False,0.2956296374247488,0.3572269943322173,0.8426966292134831,0.2956296374247488,1.0,0.38134272364347777,0.8421052631578947,0.8461538461538461,0.8333333333333334,0.23814249999122694,89,23,38,4,3,6,2571,,,,,,,,,
iris,LocalHead-Momentum,2,core,localhead,0,0,0,0,,150,150,False,0.3793783449575411,0.3729105781107133,0.8202247191011236,0.3793783449575411,0.8695652173913043,0.2797713586344191,0.9210526315789473,0.923076923076923,0.9194847020933977,0.20333280001068488,89,23,38,4,3,6,2571,,,,,,,,,
iris,LocalHead-Momentum,3,core,localhead,0,0,0,0,,150,150,False,0.32003220433244756,0.2514807978147198,0.9325842696629213,0.32003220433244756,0.8260869565217391,0.43538363890146314,0.7631578947368421,0.7606837606837606,0.7600000000000001,0.26538019999861717,89,23,38,4,3,6,2571,,,,,,,,,
iris,LocalHead-Momentum,4,core,localhead,0,0,0,0,,150,150,False,0.3640359913450233,0.2589740461761134,0.9101123595505618,0.3640359913450233,0.8695652173913043,0.26706725834822687,0.8947368421052632,0.8888888888888888,0.888888888888889,0.23794249998172745,89,23,38,4,3,6,2571,,,,,,,,,
iris,LocalHead-Momentum,5,core,localhead,0,0,0,0,,150,150,False,0.28873434246586077,0.27633909406415236,0.9101123595505618,0.28873434246586077,0.9565217391304348,0.3722789216649831,0.868421052631579,0.8717948717948718,0.866583850931677,0.2918995000072755,89,23,38,4,3,6,2571,,,,,,,,,
iris,LocalHead-Momentum,6,core,localhead,0,0,0,0,,150,150,False,0.3491025294776781,0.2538518843926028,0.898876404494382,0.3491025294776781,0.782608695652174,0.4484627901520776,0.7894736842105263,0.794871794871795,0.7743589743589743,0.2836242000339553,89,23,38,4,3,6,2571,,,,,,,,,
iris,LocalHead-Momentum,7,core,localhead,0,0,0,0,,150,150,False,0.41978376055211586,0.30673091066842934,0.8876404494382022,0.41978376055211586,0.8260869565217391,0.36607547121794626,0.868421052631579,0.8696581196581197,0.8658078368223295,0.27300820004893467,89,23,38,4,3,6,2571,,,,,,,,,
iris,LocalHead-Momentum,8,core,localhead,0,0,0,0,,150,150,False,0.3977799292957663,0.3413982680185203,0.9438202247191011,0.3977799292957663,0.8260869565217391,0.3863900690831678,0.8157894736842105,0.8183760683760682,0.8084291187739462,0.24189950001891702,89,23,38,4,3,6,2571,,,,,,,,,
iris,LocalHead-Momentum,9,core,localhead,0,0,0,0,,150,150,False,0.34483054435013577,0.3175655557187795,0.8876404494382022,0.34483054435013577,0.8260869565217391,0.3497451236352873,0.868421052631579,0.8632478632478632,0.8631636562671045,0.29377290001139045,89,23,38,4,3,6,2571,,,,,,,,,
circles,CAT64-MWBP-local-EM,8,core,cat,64,2,64,320,,98,118,True,0.011534775701985392,0.014468702263994245,0.9944444444444445,0.011534775701985392,0.9944444444444445,0.009138256479945378,1.0,1.0,1.0,22.85667890001787,720,180,300,2,2,6,2498,2.2379028320312497,0.2488817703356485,0.2488572189218834,0.029287047748845402,1.9710093187437892,1.9710093187437892,-0.4474106413852968,1.7777180848356762,5.930467112441672
iris,AR64-Momentum,0,core,ar,64,1,64,320,0.16,150,150,False,0.04488769650952159,0.10259627888241715,0.9550561797752809,0.04488769650952159,1.0,0.06315656748583552,1.0,1.0,1.0,2.886417599976994,89,23,38,4,3,6,2571,,,,,,,,,
iris,AR64-Momentum,1,core,ar,64,1,64,320,0.16,150,150,False,0.041958680394762506,0.09695424130903181,0.9662921348314607,0.041958680394762506,1.0,0.07840310744048463,1.0,1.0,1.0,2.8598292999668047,89,23,38,4,3,6,2571,,,,,,,,,
iris,AR64-Momentum,2,core,ar,64,1,64,320,0.16,147,150,False,0.13682719532939705,0.11305744982166348,0.9438202247191011,0.13682719532939705,0.9565217391304348,0.04525580747337384,1.0,1.0,1.0,3.1879494999884628,89,23,38,4,3,6,2571,,,,,,,,,
iris,AR64-Momentum,4,core,ar,64,1,64,320,0.16,88,108,True,0.2364453574953563,0.08782286908192972,1.0,0.2364453574953563,0.9130434782608695,0.12804402521755218,0.9473684210526315,0.9465811965811964,0.9465811965811964,2.171543099975679,89,23,38,4,3,6,2571,,,,,,,,,
iris,AR64-Momentum,3,core,ar,64,1,64,320,0.16,150,150,False,0.056662771056594494,0.07677040604705933,0.9775280898876404,0.056662771056594494,1.0,0.16543281720098146,0.8947368421052632,0.8931623931623932,0.8931623931623932,3.0311416999902576,89,23,38,4,3,6,2571,,,,,,,,,
iris,AR64-Momentum,5,core,ar,64,1,64,320,0.16,150,150,False,0.0714716908237024,0.06450102917376986,0.9887640449438202,0.0714716908237024,1.0,0.12599863672178835,0.9736842105263158,0.9743589743589745,0.974320987654321,3.1049995999783278,89,23,38,4,3,6,2571,,,,,,,,,
iris,AR64-Momentum,6,core,ar,64,1,64,320,0.16,143,150,False,0.09164176883593698,0.09496898290387046,0.9662921348314607,0.09164176883593698,0.9565217391304348,0.1083502125574422,1.0,1.0,1.0,3.1432510999729857,89,23,38,4,3,6,2571,,,,,,,,,
iris,AR64-Momentum,7,core,ar,64,1,64,320,0.16,147,150,False,0.07045891823454131,0.06390713081136343,0.9775280898876404,0.07045891823454131,1.0,0.09546940330428207,0.9736842105263158,0.9743589743589745,0.9733333333333333,3.030479100008961,89,23,38,4,3,6,2571,,,,,,,,,
iris,AR64-Momentum,8,core,ar,64,1,64,320,0.16,148,150,False,0.10656263268415127,0.06834191561581347,0.9887640449438202,0.10656263268415127,0.9565217391304348,0.18821941589268867,0.8947368421052632,0.8952991452991452,0.8931623931623932,2.9355507000000216,89,23,38,4,3,6,2571,,,,,,,,,
iris,AR64-Momentum,9,core,ar,64,1,64,320,0.16,150,150,False,0.04378139084732105,0.07245025883488614,0.9887640449438202,0.04378139084732105,1.0,0.1364431066663531,0.9210526315789473,0.9209401709401709,0.9199999999999999,2.885501299984753,89,23,38,4,3,6,2571,,,,,,,,,
iris,CAT40-Momentum,0,core,cat,40,2,40,200,,150,150,False,0.046450249402664796,0.10390735623568675,0.9550561797752809,0.046450249402664796,1.0,0.06539811528218754,1.0,1.0,1.0,2.4781412000302225,89,23,38,4,3,6,2571,,,,,,,,,
iris,CAT40-Momentum,1,core,cat,40,2,40,200,,150,150,False,0.04421280433289468,0.0990564665060831,0.9662921348314607,0.04421280433289468,1.0,0.082239875094498,1.0,1.0,1.0,2.447041800012812,89,23,38,4,3,6,2571,,,,,,,,,
iris,CAT40-Momentum,2,core,cat,40,2,40,200,,146,150,False,0.1435176990133825,0.11987882733302074,0.9438202247191011,0.1435176990133825,0.9565217391304348,0.04675093982118953,1.0,1.0,1.0,2.724143500032369,89,23,38,4,3,6,2571,,,,,,,,,
iris,CAT40-Momentum,3,core,cat,40,2,40,200,,150,150,False,0.060177087024670735,0.08005847746689512,0.9775280898876404,0.060177087024670735,1.0,0.17305764826985323,0.8947368421052632,0.8931623931623932,0.8931623931623932,2.669197399984114,89,23,38,4,3,6,2571,,,,,,,,,
iris,CAT40-Momentum,4,core,cat,40,2,40,200,,88,108,True,0.23969775636371873,0.09209151939507515,1.0,0.23969775636371873,0.9130434782608695,0.13121633697026525,0.9473684210526315,0.9465811965811964,0.9465811965811964,1.9163129000226036,89,23,38,4,3,6,2571,,,,,,,,,
iris,CAT40-Momentum,5,core,cat,40,2,40,200,,150,150,False,0.07444126033077379,0.06632011230057554,0.9887640449438202,0.07444126033077379,1.0,0.1261032842270583,0.9736842105263158,0.9743589743589745,0.974320987654321,2.5075847000116482,89,23,38,4,3,6,2571,,,,,,,,,
iris,CAT40-Momentum,6,core,cat,40,2,40,200,,143,150,False,0.0955300239049948,0.09690823494341143,0.9662921348314607,0.0955300239049948,0.9565217391304348,0.11004814438976114,1.0,1.0,1.0,2.657364599988796,89,23,38,4,3,6,2571,,,,,,,,,
circles,CAT64-MWBP-local-EM,9,core,cat,64,2,64,320,,147,150,False,0.00374644610890007,0.005697194501017449,0.9986111111111111,0.00374644610890007,1.0,0.011501379961758656,0.9966666666666667,0.9966666666666666,0.9966666296292181,29.624803000013344,720,180,300,2,2,6,2498,2.2509985351562496,0.2506219231992923,0.2505489161619142,0.009178067406558455,2.4636312896315617,2.4636312896315617,-0.45017524058898317,2.0000000000000013,7.100322407129761
iris,CAT40-Momentum,7,core,cat,40,2,40,200,,147,150,False,0.07512375892719372,0.06480251227146108,0.9775280898876404,0.07512375892719372,1.0,0.09443033648834544,0.9736842105263158,0.9743589743589745,0.9733333333333333,2.5715889999992214,89,23,38,4,3,6,2571,,,,,,,,,
iris,CAT40-Momentum,8,core,cat,40,2,40,200,,148,150,False,0.10858490497664963,0.07021058083869396,0.9887640449438202,0.10858490497664963,0.9565217391304348,0.1905571356178219,0.8947368421052632,0.8952991452991452,0.8931623931623932,2.5101663999957964,89,23,38,4,3,6,2571,,,,,,,,,
iris,CAT40-Momentum,9,core,cat,40,2,40,200,,150,150,False,0.04640449119553549,0.07476137155689236,0.9887640449438202,0.04640449119553549,1.0,0.13720268036641783,0.9210526315789473,0.9209401709401709,0.9199999999999999,2.6327300000120886,89,23,38,4,3,6,2571,,,,,,,,,
iris,CAT64-Momentum,0,core,cat,64,2,64,320,,150,150,False,0.04483082931342386,0.10254524914080625,0.9550561797752809,0.04483082931342386,1.0,0.06307311220557009,1.0,1.0,1.0,3.9330705999745987,89,23,38,4,3,6,2571,,,,,,,,,
iris,CAT64-Momentum,1,core,cat,64,2,64,320,,150,150,False,0.04187574881116555,0.09687930182307264,0.9662921348314607,0.04187574881116555,1.0,0.0782581912622059,1.0,1.0,1.0,3.927051200007554,89,23,38,4,3,6,2571,,,,,,,,,
iris,CAT64-Momentum,2,core,cat,64,2,64,320,,147,150,False,0.13654014492094377,0.11290256066715211,0.9438202247191011,0.13654014492094377,0.9565217391304348,0.045184898704108044,1.0,1.0,1.0,4.026690799975768,89,23,38,4,3,6,2571,,,,,,,,,
iris,CAT64-Momentum,3,core,cat,64,2,64,320,,150,150,False,0.05653151005881806,0.07664423350839897,0.9775280898876404,0.05653151005881806,1.0,0.16514168055875011,0.8947368421052632,0.8931623931623932,0.8931623931623932,4.014164599997457,89,23,38,4,3,6,2571,,,,,,,,,
iris,CAT64-Momentum,4,core,cat,64,2,64,320,,88,108,True,0.2363319430077722,0.08766770474818465,1.0,0.2363319430077722,0.9130434782608695,0.1279304942422288,0.9473684210526315,0.9465811965811964,0.9465811965811964,2.9582121000275947,89,23,38,4,3,6,2571,,,,,,,,,
iris,CAT64-Momentum,5,core,cat,64,2,64,320,,150,150,False,0.07135462434228579,0.06443240284732482,0.9887640449438202,0.07135462434228579,1.0,0.12600119813123947,0.9736842105263158,0.9743589743589745,0.974320987654321,4.056014699977823,89,23,38,4,3,6,2571,,,,,,,,,
iris,CAT64-Momentum,6,core,cat,64,2,64,320,,143,150,False,0.09148881458261171,0.09489771940581107,0.9662921348314607,0.09148881458261171,0.9565217391304348,0.10828895909586543,1.0,1.0,1.0,3.8792453999631107,89,23,38,4,3,6,2571,,,,,,,,,
iris,CAT64-Momentum,7,core,cat,64,2,64,320,,147,150,False,0.07030533262808901,0.06386586944423976,0.9775280898876404,0.07030533262808901,1.0,0.09550644088215712,0.9736842105263158,0.9743589743589745,0.9733333333333333,3.943776000000071,89,23,38,4,3,6,2571,,,,,,,,,
iris,CAT64-Momentum,8,core,cat,64,2,64,320,,148,150,False,0.10647052393224883,0.06826816769150729,0.9887640449438202,0.10647052393224883,0.9565217391304348,0.1881299095197297,0.8947368421052632,0.8952991452991452,0.8931623931623932,3.7880476999562234,89,23,38,4,3,6,2571,,,,,,,,,
iris,CAT64-Momentum,9,core,cat,64,2,64,320,,150,150,False,0.04368310263139224,0.07236380322297928,0.9887640449438202,0.04368310263139224,1.0,0.13642037862697765,0.9210526315789473,0.9209401709401709,0.9199999999999999,3.7110088000190444,89,23,38,4,3,6,2571,,,,,,,,,
iris,CAT64-MWBP,0,core,cat,64,2,64,320,,150,150,False,0.04323745214635748,0.1030941677631192,0.9550561797752809,0.04323745214635748,1.0,0.06263035063718825,1.0,1.0,1.0,4.453667699999642,89,23,38,4,3,6,2571,,,,0.0031526934404793746,1.3331050860756488,0.18888348456784101,-0.23586387002425122,1.1690169351512563,3.0768447624982125
iris,CAT64-MWBP,1,core,cat,64,2,64,320,,150,150,False,0.04601608280124494,0.10022617601641352,0.9662921348314607,0.04601608280124494,1.0,0.08328826737248239,1.0,1.0,1.0,4.296719299978577,89,23,38,4,3,6,2571,,,,0.054007849715013864,1.1829547684948791,0.17982029950090392,-0.23586409444177092,1.0967469908414098,2.9039993357507172
iris,CAT64-MWBP,2,core,cat,64,2,64,320,,147,150,False,0.14107419804242952,0.1169448009093629,0.9438202247191011,0.14107419804242952,0.9565217391304348,0.04771205345543144,1.0,1.0,1.0,4.404242299962789,89,23,38,4,3,6,2571,,,,0.03247626804069822,1.2152180135525803,0.18030550815369703,-0.23586136885335268,1.11274184102419,2.941390909376029
iris,CAT64-MWBP,3,core,cat,64,2,64,320,,150,150,False,0.059254353559006136,0.07717309823429298,0.9775280898876404,0.059254353559006136,1.0,0.1668137464237912,0.8947368421052632,0.8931623931623932,0.8931623931623932,4.339534799975809,89,23,38,4,3,6,2571,,,,0.0071495436710027034,1.3291868957532096,0.18825204863909997,-0.23586452022364826,1.1657176737197432,3.0687360144922664
iris,CAT64-MWBP,4,core,cat,64,2,64,320,,111,131,True,0.24127136258679507,0.08103690499165805,1.0,0.24127136258679507,0.9130434782608695,0.12269746294595886,0.9473684210526315,0.9465811965811964,0.9465811965811964,3.933677799999714,89,23,38,4,3,6,2571,,,,3.8836658165279085e-05,1.358726682062345,0.19071462574384204,-0.2358662459793634,1.178973995146286,3.1014575949364995
iris,CAT64-MWBP,5,core,cat,64,2,64,320,,150,150,False,0.07674917366430523,0.069309925159131,0.9887640449438202,0.07674917366430523,1.0,0.12928647314717176,0.9736842105263158,0.9743589743589745,0.974320987654321,4.635543600015808,89,23,38,4,3,6,2571,,,,0.004120893188760353,1.3375484749675173,0.1879870037806748,-0.23586477519558796,1.1690354335360822,3.076892524253033
iris,CAT64-MWBP,6,core,cat,64,2,64,320,,143,150,False,0.10031103558442182,0.10104520559531319,0.9662921348314607,0.10031103558442182,0.9565217391304348,0.11396511976833283,1.0,1.0,1.0,4.575731099990662,89,23,38,4,3,6,2571,,,,0.00485953093183748,1.3330963892291,0.18922870529395794,-0.2358645556382128,1.1694778849589484,3.077981276770832
iris,CAT64-MWBP,7,core,cat,64,2,64,320,,147,150,False,0.07390206360051996,0.0663972418131377,0.9775280898876404,0.07390206360051996,1.0,0.0962409111452031,0.9736842105263158,0.9743589743589745,0.9733333333333333,4.694102599984035,89,23,38,4,3,6,2571,,,,0.03528496898214907,1.2932526880238664,0.18586569440998757,-0.23586401990545078,1.146235729849999,3.0212776348016335
iris,CAT64-MWBP,8,core,cat,64,2,64,320,,148,150,False,0.10754998060822975,0.07010782532520758,0.9887640449438202,0.10754998060822975,0.9565217391304348,0.18944950762325866,0.8947368421052632,0.8952991452991452,0.8931623931623932,4.6904869000427425,89,23,38,4,3,6,2571,,,,0.0308427276158769,1.3100270794701163,0.18717844904680583,-0.2358649155976054,1.1572418476553605,3.04799930742734
iris,CAT64-MWBP,9,core,cat,64,2,64,320,,150,150,False,0.047532489688798335,0.07573287150469374,0.9887640449438202,0.047532489688798335,1.0,0.13683041743042704,0.9210526315789473,0.9209401709401709,0.9199999999999999,4.467415999970399,89,23,38,4,3,6,2571,,,,0.0034883667375601953,1.3345878039762462,0.189364349523988,-0.23585742141846958,1.169339524114465,3.0776230327534893
iris,CAT64-MWBP-local,0,core,cat,64,2,64,320,,150,150,False,0.04256659896672,0.1032900173699076,0.9550561797752809,0.04256659896672,1.0,0.062307544886138114,1.0,1.0,1.0,4.382504599983804,89,23,38,4,3,6,2571,,,,0.0772451094370213,2.880906873621371,2.880906873621371,-0.599992092000763,1.9999999999999964,8.00441827498926
iris,CAT64-MWBP-local,1,core,cat,64,2,64,320,,150,150,False,0.04747907327497592,0.10144632322215746,0.9662921348314607,0.04747907327497592,1.0,0.08507040944834668,1.0,1.0,1.0,4.390141499985475,89,23,38,4,3,6,2571,,,,0.14935998106091997,2.8021435460189337,2.8021435460189337,-0.5999948273567095,2.000000000000001,8.004435790954952
iris,CAT64-MWBP-local,2,core,cat,64,2,64,320,,147,150,False,0.14096786559112698,0.11654434736834053,0.9438202247191011,0.14096786559112698,0.9565217391304348,0.047297722829855074,1.0,1.0,1.0,4.62083310005255,89,23,38,4,3,6,2571,,,,0.1044650385873591,2.8071688003599973,2.8071688003599973,-0.5999826169688601,2.0000000000000004,8.004357601524422
iris,CAT64-MWBP-local,4,core,cat,64,2,64,320,,111,131,True,0.2438519523976483,0.087380069225641,1.0,0.2438519523976483,0.9130434782608695,0.1284903332044237,0.9473684210526315,0.9465811965811964,0.9465811965811964,4.176474700041581,89,23,38,4,3,6,2571,,,,0.07373568595488683,2.89952212729672,2.89952212729672,-0.5999996570794931,1.9999999999999998,8.004466718379424
iris,CAT64-MWBP-local,3,core,cat,64,2,64,320,,150,150,False,0.05975426163563119,0.07690990935988991,0.9775280898876404,0.05975426163563119,1.0,0.1671647409437671,0.8947368421052632,0.8931623931623932,0.8931623931623932,4.824244799965527,89,23,38,4,3,6,2571,,,,0.08431328797658158,2.8795461870150434,2.8795461870150434,-0.5999934803683524,1.9999999999999991,8.004427165454137
iris,CAT64-MWBP-local,5,core,cat,64,2,64,320,,150,150,False,0.07874029981359301,0.07112751454095605,0.9887640449438202,0.07874029981359301,1.0,0.13059024072476957,0.9736842105263158,0.9743589743589745,0.974320987654321,4.764995200035628,89,23,38,4,3,6,2571,,,,0.07719149713435437,2.8885901738256297,2.8885901738256297,-0.5999965014363371,2.0,8.004446511012436
iris,CAT64-MWBP-local,6,core,cat,64,2,64,320,,143,150,False,0.10337007826699121,0.10318810115737458,0.9662921348314607,0.10337007826699121,0.9565217391304348,0.1160422813087444,1.0,1.0,1.0,4.7962628999957815,89,23,38,4,3,6,2571,,,,0.07473078142060631,2.8831000231197073,2.8831000231197073,-0.5999961364038072,2.000000000000001,8.004444173506096
iris,CAT64-MWBP-local,7,core,cat,64,2,64,320,,147,150,False,0.07478453402916359,0.06713616429045027,0.9775280898876404,0.07478453402916359,1.0,0.09644687737047655,0.9736842105263158,0.9743589743589745,0.9733333333333333,4.661622899991926,89,23,38,4,3,6,2571,,,,0.118931455456843,2.8620327455059784,2.8620327455059784,-0.5999945172676415,1.9999999999999993,8.004433805284762
iris,CAT64-MWBP-local,8,core,cat,64,2,64,320,,148,150,False,0.10818253801571935,0.07087509631509713,0.9887640449438202,0.10818253801571935,0.9565217391304348,0.18996535803787146,0.8947368421052632,0.8952991452991452,0.8931623931623932,4.625818400003482,89,23,38,4,3,6,2571,,,,0.11013339116066992,2.8653111683179007,2.8653111683179007,-0.5999954587105464,2.0000000000000018,8.00443983386098
iris,CAT64-MWBP-local,9,core,cat,64,2,64,320,,150,150,False,0.04848152695965519,0.07656921709443211,0.9887640449438202,0.04848152695965519,1.0,0.1368173087034693,0.9210526315789473,0.9209401709401709,0.9199999999999999,3.9777476000017487,89,23,38,4,3,6,2571,,,,0.07788691243533284,2.883190186450053,2.883190186450053,-0.5999787228784943,2.000000000000001,8.004332665809807
iris,CAT64-MWBP-local-EM,0,core,cat,64,2,64,320,,150,150,False,0.04266556302631395,0.10332982784787935,0.9550561797752809,0.04266556302631395,1.0,0.062375697011777906,1.0,1.0,1.0,3.982030900020618,89,23,38,4,3,6,2571,2.23717529296875,0.27494582768490233,0.2750337806262473,0.008180502243282048,2.489032739500362,2.489032739500362,-0.44742867174156087,2.0,7.084738315048332
iris,CAT64-MWBP-local-EM,1,core,cat,64,2,64,320,,150,150,False,0.0474535541657194,0.10141413585114939,0.9662921348314607,0.0474535541657194,1.0,0.08502569385398633,1.0,1.0,1.0,4.058183500019368,89,23,38,4,3,6,2571,2.2379028320312497,0.27357497811059445,0.27350081120982284,0.06084786272141191,2.444962971174433,2.444962971174433,-0.44757663632466277,1.9999999999999991,7.085576996966373
iris,CAT64-MWBP-local-EM,2,core,cat,64,2,64,320,,147,150,False,0.1411996227314518,0.11683082514275311,0.9438202247191011,0.1411996227314518,0.9565217391304348,0.04751057176054685,1.0,1.0,1.0,3.912406000017654,89,23,38,4,3,6,2571,2.2379028320312497,0.27480194240359634,0.2748482169703309,0.03464116043212106,2.442827263829514,2.442827263829514,-0.4475678723632888,1.997565701688102,7.071742116483642
iris,CAT64-MWBP-local-EM,3,core,cat,64,2,64,320,,150,150,False,0.059725815613719854,0.07703028387285082,0.9775280898876404,0.059725815613719854,1.0,0.16715196295594453,0.8947368421052632,0.8931623931623932,0.8931623931623932,4.107182300009299,89,23,38,4,3,6,2571,2.24590576171875,0.26475996753614095,0.2647138459587043,0.014203305236159623,2.492156039090691,2.492156039090691,-0.44917599112173007,2.0000000000000027,7.094648680513113
iris,CAT64-MWBP-local-EM,4,core,cat,64,2,64,320,,111,131,True,0.2437518406710564,0.08719544927794523,1.0,0.2437518406710564,0.9130434782608695,0.1283272237737511,0.9473684210526315,0.9465811965811964,0.9465811965811964,3.5685177000123076,89,23,38,4,3,6,2571,2.2379028320312497,0.27178621032809785,0.271833369179998,0.004166859445461394,2.5005317125087574,2.5005317125087574,-0.44758026271696505,1.999999999999999,7.085597553061692
iris,CAT64-MWBP-local-EM,5,core,cat,64,2,64,320,,150,150,False,0.07869332505269802,0.07108702139630863,0.9887640449438202,0.07869332505269802,1.0,0.13053599593665846,0.9736842105263158,0.9743589743589745,0.974320987654321,3.7528602000093088,89,23,38,4,3,6,2571,2.23717529296875,0.27508116352434553,0.27516394164871016,0.007518328264881172,2.4938659534462633,2.4938659534462633,-0.44743147178384723,1.999999999999998,7.08475418511959
iris,CAT64-MWBP-local-EM,6,core,cat,64,2,64,320,,143,150,False,0.10324116476091946,0.10312172237420009,0.9662921348314607,0.10324116476091946,0.9565217391304348,0.11598268204947018,1.0,1.0,1.0,4.014944099995773,89,23,38,4,3,6,2571,2.2379028320312497,0.2734610014245812,0.2734032456963857,0.005064377584504798,2.4909013120720775,2.4909013120720775,-0.447576961988322,1.9999999999999987,7.085578842978557
wine,BP-Momentum,0,core,bp,0,0,0,0,,40,60,True,0.16868073833309913,0.08852621248098741,1.0,0.16868073833309913,0.9629629629629629,0.12104832865001813,0.9555555555555556,0.9555555555555556,0.9586466165413534,0.1101131999748759,106,27,45,13,3,6,4643,,,,,,,,,
wine,BP-Momentum,1,core,bp,0,0,0,0,,150,150,False,0.026453348618985826,0.016563459292596963,1.0,0.026453348618985826,1.0,0.12615645214122348,0.9555555555555556,0.9629629629629629,0.9563061353573689,0.2604128000093624,106,27,45,13,3,6,4643,,,,,,,,,
wine,BP-Momentum,2,core,bp,0,0,0,0,,150,150,False,0.027274856393951767,0.015520190599864984,1.0,0.027274856393951767,1.0,0.03942181490660679,1.0,1.0,1.0,0.2654050000128336,106,27,45,13,3,6,4643,,,,,,,,,
wine,BP-Momentum,3,core,bp,0,0,0,0,,34,54,True,0.1620744042188558,0.05983475395078701,1.0,0.1620744042188558,0.9259259259259259,0.10821540040499933,0.9777777777777777,0.9814814814814815,0.9797235023041475,0.09436909999931231,106,27,45,13,3,6,4643,,,,,,,,,
wine,BP-Momentum,4,core,bp,0,0,0,0,,149,150,False,0.0093286202329655,0.015882828325591646,1.0,0.0093286202329655,1.0,0.07125234646030447,0.9777777777777777,0.9814814814814815,0.9771428571428572,0.27638649998698384,106,27,45,13,3,6,4643,,,,,,,,,
iris,CAT64-MWBP-local-EM,7,core,cat,64,2,64,320,,147,150,False,0.07484384763681112,0.06715807323417562,0.9775280898876404,0.07484384763681112,1.0,0.09646571699322597,0.9736842105263158,0.9743589743589745,0.9733333333333333,3.9187357000191696,89,23,38,4,3,6,2571,2.23717529296875,0.27480589490582286,0.274780483199195,0.038616847198354017,2.4788928084505026,2.4788928084505026,-0.44743085605837635,2.0,7.084750695309577
wine,BP-Momentum,5,core,bp,0,0,0,0,,149,150,False,0.11855157874529355,0.014152743566664506,1.0,0.11855157874529355,0.9259259259259259,0.11695571969724458,0.9777777777777777,0.9814814814814815,0.9797235023041475,0.29740700003458187,106,27,45,13,3,6,4643,,,,,,,,,
wine,BP-Momentum,6,core,bp,0,0,0,0,,150,150,False,0.027040715462029328,0.01683396135100962,1.0,0.027040715462029328,1.0,0.07144725093360377,0.9777777777777777,0.9814814814814815,0.9771428571428572,0.2536403999547474,106,27,45,13,3,6,4643,,,,,,,,,
wine,BP-Momentum,7,core,bp,0,0,0,0,,150,150,False,0.021511811498900264,0.015308918078774438,1.0,0.021511811498900264,1.0,0.12668508707166323,0.9777777777777777,0.9814814814814815,0.9797235023041475,0.2752207000157796,106,27,45,13,3,6,4643,,,,,,,,,
wine,BP-Momentum,8,core,bp,0,0,0,0,,150,150,False,0.08423743044408873,0.014780983085442735,1.0,0.08423743044408873,1.0,0.14766450102312065,0.9555555555555556,0.9537037037037037,0.9537037037037037,0.25688840000657365,106,27,45,13,3,6,4643,,,,,,,,,
wine,BP-Adam,0,core,bp,0,0,0,0,,12,32,True,0.1872713758720552,0.09741411345174132,1.0,0.1872713758720552,0.9259259259259259,0.13597104136739377,1.0,1.0,1.0,0.06690090004121885,106,27,45,13,3,6,4643,,,,,,,,,
wine,BP-Momentum,9,core,bp,0,0,0,0,,150,150,False,0.09122648561644045,0.015790344144122687,1.0,0.09122648561644045,0.9629629629629629,0.029682633834859414,1.0,1.0,1.0,0.22879919997649267,106,27,45,13,3,6,4643,,,,,,,,,
wine,BP-Adam,1,core,bp,0,0,0,0,,149,150,False,0.003699256160121284,0.002173553162632568,1.0,0.003699256160121284,1.0,0.18757023332433523,0.9555555555555556,0.9629629629629629,0.9563061353573689,0.3102815999882296,106,27,45,13,3,6,4643,,,,,,,,,
wine,BP-Adam,3,core,bp,0,0,0,0,,10,30,True,0.14697829935663448,0.04742703556034951,1.0,0.14697829935663448,0.9259259259259259,0.0814320897845329,1.0,1.0,1.0,0.06414430000586435,106,27,45,13,3,6,4643,,,,,,,,,
wine,BP-Adam,2,core,bp,0,0,0,0,,149,150,False,0.012643929041112358,0.0027591360663483657,1.0,0.012643929041112358,1.0,0.0648271468175394,0.9777777777777777,0.9814814814814815,0.9797235023041475,0.2921315999701619,106,27,45,13,3,6,4643,,,,,,,,,
wine,BP-Adam,5,core,bp,0,0,0,0,,69,89,True,0.1119939361060041,0.006994184277883519,1.0,0.1119939361060041,0.9259259259259259,0.12725015818108892,0.9777777777777777,0.9814814814814815,0.9797235023041475,0.16341510001802817,106,27,45,13,3,6,4643,,,,,,,,,
wine,BP-Adam,4,core,bp,0,0,0,0,,148,150,False,0.0020925141047444455,0.0022558992639019767,1.0,0.0020925141047444455,1.0,0.12435409096819618,0.9555555555555556,0.9629629629629629,0.9547511312217195,0.32353699998930097,106,27,45,13,3,6,4643,,,,,,,,,
wine,BP-Adam,6,core,bp,0,0,0,0,,148,150,False,0.010515837468807722,0.0026183731855773016,1.0,0.010515837468807722,1.0,0.036035628409704736,0.9777777777777777,0.9814814814814815,0.9771428571428572,0.26306249998742715,106,27,45,13,3,6,4643,,,,,,,,,
wine,BP-Adam,7,core,bp,0,0,0,0,,150,150,False,0.0030514494850717973,0.0020024721540541886,1.0,0.0030514494850717973,1.0,0.1622575483747294,0.9777777777777777,0.9814814814814815,0.9797235023041475,0.2834730999893509,106,27,45,13,3,6,4643,,,,,,,,,
wine,BP-Adam,9,core,bp,0,0,0,0,,38,58,True,0.0682589025225252,0.013988645507318596,1.0,0.0682589025225252,0.9629629629629629,0.023047550385186813,1.0,1.0,1.0,0.08088530000532046,106,27,45,13,3,6,4643,,,,,,,,,
wine,BP-Adam,8,core,bp,0,0,0,0,,150,150,False,0.01493542990530492,0.0019829579417865255,1.0,0.01493542990530492,1.0,0.228666649268759,0.9555555555555556,0.9537037037037037,0.95623603968625,0.26682980003533885,106,27,45,13,3,6,4643,,,,,,,,,
iris,CAT64-MWBP-local-EM,8,core,cat,64,2,64,320,,148,150,False,0.10803260833020269,0.07082757411689476,0.9887640449438202,0.10803260833020269,0.9565217391304348,0.18980459222863924,0.8947368421052632,0.8952991452991452,0.8931623931623932,4.172766600036994,89,23,38,4,3,6,2571,2.2386303710937496,0.2729749709763355,0.27293679690278777,0.03212782861669003,2.4804670592960334,2.4804670592960334,-0.4477225338938646,2.000000000000002,7.086404060000246
wine,BP-MWBP,0,core,bp,0,0,0,0,,40,60,True,0.1718000527850602,0.09322061197445371,1.0,0.1718000527850602,0.9629629629629629,0.12577670819924697,0.9555555555555556,0.9555555555555556,0.9586466165413534,0.2765627999906428,106,27,45,13,3,6,4643,,,,0.00040827843195428797,1.3569239889060443,0.19075934782390128,-0.2358561922222648,1.178433971600958,3.100093062056015
wine,BP-MWBP,3,core,bp,0,0,0,0,,34,54,True,0.1627307998142282,0.060706021462890974,1.0,0.1627307998142282,0.9259259259259259,0.10934182962615019,0.9777777777777777,0.9814814814814815,0.9797235023041475,0.25619889999506995,106,27,45,13,3,6,4643,,,,0.0014037461796734814,1.354304299381348,0.1905384277999927,-0.23584192801010156,1.1774108599019146,3.0975213598403286
wine,BP-MWBP,1,core,bp,0,0,0,0,,150,150,False,0.027759320591575345,0.017789413480041278,1.0,0.027759320591575345,1.0,0.1265706522729911,0.9555555555555556,0.9629629629629629,0.9563061353573689,0.6056612000102177,106,27,45,13,3,6,4643,,,,9.33535286881918e-05,1.357614509524578,0.19059987543881193,-0.23586538983875285,1.1785166105450249,3.1003208319303295
iris,CAT64-MWBP-local-EM,9,core,cat,64,2,64,320,,150,150,False,0.048541898386566994,0.07662563558396766,0.9887640449438202,0.048541898386566994,1.0,0.13693103238130394,0.9210526315789473,0.9209401709401709,0.9199999999999999,4.12058759998763,89,23,38,4,3,6,2571,2.23717529296875,0.27472266207716145,0.2747264692300182,0.007905863853906207,2.4907074260034077,2.4907074260034077,-0.4474190227285548,1.9999999999999991,7.0846836266736855
wine,BP-MWBP,2,core,bp,0,0,0,0,,150,150,False,0.029702838284287984,0.017069840369044638,1.0,0.029702838284287984,1.0,0.039946186420465525,1.0,1.0,1.0,0.6221269000088796,106,27,45,13,3,6,4643,,,,7.703234927343512e-05,1.359082177448611,0.1907843837331237,-0.2358644569516455,1.1791578070122535,3.101909256712117
wine,BP-MWBP,4,core,bp,0,0,0,0,,149,150,False,0.00991469253130914,0.01657045754995874,1.0,0.00991469253130914,1.0,0.07097060544913411,0.9777777777777777,0.9814814814814815,0.9771428571428572,0.7204561999533325,106,27,45,13,3,6,4643,,,,0.0002461071971644431,1.3582717045090922,0.19071481280191746,-0.2358598502405945,1.1788173222648943,3.1010530209980036
wine,BP-MWBP,6,core,bp,0,0,0,0,,150,150,False,0.029026292944372464,0.01886517969312213,1.0,0.029026292944372464,1.0,0.07327660641272432,0.9777777777777777,0.9814814814814815,0.9771428571428572,0.7545596999698319,106,27,45,13,3,6,4643,,,,0.00010184592079093365,1.358242172836535,0.19069859187413524,-0.23586577160397132,1.1788275787555433,3.101093155964202
wine,BP-MWBP,5,core,bp,0,0,0,0,,149,150,False,0.11838538538121811,0.014506028259069537,1.0,0.11838538538121811,0.9259259259259259,0.11645099177156758,0.9777777777777777,0.9814814814814815,0.9797235023041475,0.7862949999980628,106,27,45,13,3,6,4643,,,,0.0004553354417337851,1.357150301679237,0.1906538934334471,-0.23586501092951248,1.1783571052300919,3.0999243033776125
wine,BP-MWBP,7,core,bp,0,0,0,0,,150,150,False,0.023271362792436245,0.016874531606434793,1.0,0.023271362792436245,1.0,0.12457479381822922,0.9777777777777777,0.9814814814814815,0.9797235023041475,0.6934894000296481,106,27,45,13,3,6,4643,,,,0.00013838638568568808,1.3589785601046496,0.19078205321534275,-0.23586581437450072,1.1791084905685816,3.1017902473706687
wine,FA-Momentum,0,core,fa,0,0,0,0,,72,92,True,0.2993086506560002,0.11044542423813423,0.9905660377358491,0.2993086506560002,0.8888888888888888,0.231860676011609,0.9333333333333333,0.937037037037037,0.9384902143522833,0.17697460000636056,106,27,45,13,3,6,4643,,,,,,,,,
wine,FA-Momentum,1,core,fa,0,0,0,0,,150,150,False,0.11402509031538482,0.07618784354847077,0.9905660377358491,0.11402509031538482,0.9629629629629629,0.3103399270125181,0.9111111111111111,0.9259259259259259,0.9146969696969697,0.2780141999828629,106,27,45,13,3,6,4643,,,,,,,,,
wine,FA-Momentum,2,core,fa,0,0,0,0,,150,150,False,0.11386019458898843,0.04185175344915046,1.0,0.11386019458898843,0.9629629629629629,0.09042500163640949,0.9777777777777777,0.9814814814814815,0.9771428571428572,0.2988809000235051,106,27,45,13,3,6,4643,,,,,,,,,
wine,BP-MWBP,8,core,bp,0,0,0,0,,150,150,False,0.08411945065342535,0.015236597348071014,1.0,0.08411945065342535,1.0,0.14675374232244814,0.9555555555555556,0.9537037037037037,0.9537037037037037,0.7588492999784648,106,27,45,13,3,6,4643,,,,0.00010737839933687797,1.358722095214221,0.19075637765133885,-0.23586230573121114,1.1790216473587196,3.1015660534757497
wine,FA-Momentum,3,core,fa,0,0,0,0,,122,142,True,0.20232842925783068,0.056526194196456346,1.0,0.20232842925783068,0.9259259259259259,0.13331809030315883,0.9555555555555556,0.9592592592592593,0.9592592592592593,0.29932709998684004,106,27,45,13,3,6,4643,,,,,,,,,
wine,FA-Momentum,5,core,fa,0,0,0,0,,66,86,True,0.28034627307143145,0.08024029277380092,0.9905660377358491,0.28034627307143145,0.9259259259259259,0.12745639270877177,0.9333333333333333,0.9407407407407407,0.9391705069124424,0.1476291999570094,106,27,45,13,3,6,4643,,,,,,,,,
wine,BP-MWBP,9,core,bp,0,0,0,0,,150,150,False,0.09266424506523334,0.016811281917636162,1.0,0.09266424506523334,0.9629629629629629,0.03098544523155555,1.0,1.0,1.0,0.8114149000030011,106,27,45,13,3,6,4643,,,,9.946227633589604e-05,1.3583572585095636,0.1906940476984902,-0.23586523009595733,1.1788406113466303,3.101124144928819
wine,FA-Momentum,4,core,fa,0,0,0,0,,150,150,False,0.044504577003671705,0.10381688786076765,0.9622641509433962,0.044504577003671705,1.0,0.1324033578994261,0.9777777777777777,0.9814814814814815,0.9797235023041475,0.3280716000008397,106,27,45,13,3,6,4643,,,,,,,,,
wine,FA-Momentum,6,core,fa,0,0,0,0,,150,150,False,0.12020483231261814,0.1292288558749664,0.9905660377358491,0.12020483231261814,0.9629629629629629,0.13725323208255302,0.9333333333333333,0.9444444444444445,0.935530303030303,0.3413987999665551,106,27,45,13,3,6,4643,,,,,,,,,
wine,FA-Momentum,9,core,fa,0,0,0,0,,65,85,True,0.2404721589072691,0.12330732269203423,0.9716981132075472,0.2404721589072691,0.8888888888888888,0.15318616617973493,0.9333333333333333,0.9407407407407407,0.9391705069124424,0.1752316000056453,106,27,45,13,3,6,4643,,,,,,,,,
wine,FA-Momentum,8,core,fa,0,0,0,0,,93,113,True,0.24332969470396507,0.12870099781243746,0.9716981132075472,0.24332969470396507,0.8888888888888888,0.2696023283107191,0.9111111111111111,0.9222222222222222,0.9151929158760278,0.22695539996493608,106,27,45,13,3,6,4643,,,,,,,,,
wine,FA-Momentum,7,core,fa,0,0,0,0,,147,150,False,0.10022167313454572,0.042798954618358115,0.9811320754716981,0.10022167313454572,0.9629629629629629,0.161939201429324,0.9555555555555556,0.9537037037037037,0.9551501035196687,0.2799168999772519,106,27,45,13,3,6,4643,,,,,,,,,
wine,DFA-Momentum,3,core,dfa,0,0,0,0,,61,81,True,0.2603761069088047,0.09657837320595969,1.0,0.2603761069088047,0.9259259259259259,0.18004941608928896,0.9333333333333333,0.9407407407407407,0.9358730158730159,0.16984410001896322,106,27,45,13,3,6,4643,,,,,,,,,
wine,DFA-Momentum,0,core,dfa,0,0,0,0,,89,109,True,0.16443078965929572,0.038357271378841595,1.0,0.16443078965929572,0.9629629629629629,0.07325794531719691,1.0,1.0,1.0,0.23259849997702986,106,27,45,13,3,6,4643,,,,,,,,,
wine,DFA-Momentum,2,core,dfa,0,0,0,0,,150,150,False,0.0390254914378862,0.0235048847468484,1.0,0.0390254914378862,1.0,0.13838355605471453,0.9777777777777777,0.9814814814814815,0.9771428571428572,0.27145840000594035,106,27,45,13,3,6,4643,,,,,,,,,
wine,DFA-Momentum,1,core,dfa,0,0,0,0,,150,150,False,0.01569181119621378,0.01821592697777942,1.0,0.01569181119621378,1.0,0.13835626423068076,0.9777777777777777,0.9814814814814815,0.9771428571428572,0.2953729999717325,106,27,45,13,3,6,4643,,,,,,,,,
wine,DFA-Momentum,4,core,dfa,0,0,0,0,,150,150,False,0.015223288309584922,0.022951711916710128,1.0,0.015223288309584922,1.0,0.05034713768157591,0.9777777777777777,0.9814814814814815,0.9797235023041475,0.2962876000092365,106,27,45,13,3,6,4643,,,,,,,,,
wine,DFA-Momentum,5,core,dfa,0,0,0,0,,129,149,True,0.10939365183926818,0.029808631225665287,1.0,0.10939365183926818,0.9629629629629629,0.17143609812829708,0.9555555555555556,0.9629629629629629,0.9563061353573689,0.31731940002646297,106,27,45,13,3,6,4643,,,,,,,,,
wine,DFA-Momentum,7,core,dfa,0,0,0,0,,150,150,False,0.03518770571058576,0.026124496866141707,1.0,0.03518770571058576,1.0,0.1869936135406787,0.9555555555555556,0.9629629629629629,0.9563061353573689,0.2640477000386454,106,27,45,13,3,6,4643,,,,,,,,,
wine,DFA-Momentum,6,core,dfa,0,0,0,0,,150,150,False,0.018725804198735912,0.021760671524196955,1.0,0.018725804198735912,1.0,0.06959148827436627,0.9777777777777777,0.9814814814814815,0.9771428571428572,0.30924910004250705,106,27,45,13,3,6,4643,,,,,,,,,
wine,DFA-Momentum,9,core,dfa,0,0,0,0,,45,65,True,0.21890902838411289,0.10675529399778125,0.9811320754716981,0.21890902838411289,0.9259259259259259,0.12243574084518544,0.9777777777777777,0.9814814814814815,0.9797235023041475,0.13578470004722476,106,27,45,13,3,6,4643,,,,,,,,,
wine,DFA-Momentum,8,core,dfa,0,0,0,0,,150,150,False,0.06375555145031118,0.026185102438327564,1.0,0.06375555145031118,0.9629629629629629,0.13883667381414916,0.9777777777777777,0.9814814814814815,0.9771428571428572,0.2808795000310056,106,27,45,13,3,6,4643,,,,,,,,,
wine,LocalHead-Momentum,0,core,localhead,0,0,0,0,,150,150,False,0.1196588441414382,0.0412580072159392,1.0,0.1196588441414382,0.9259259259259259,0.14926787700297184,0.9111111111111111,0.9148148148148149,0.9172932330827068,0.348055700014811,106,27,45,13,3,6,4643,,,,,,,,,
wine,LocalHead-Momentum,1,core,localhead,0,0,0,0,,150,150,False,0.03414835431934155,0.026683976719763518,1.0,0.03414835431934155,1.0,0.12124523712328755,0.9777777777777777,0.9814814814814815,0.9797235023041475,0.3421896999934688,106,27,45,13,3,6,4643,,,,,,,,,
wine,LocalHead-Momentum,2,core,localhead,0,0,0,0,,150,150,False,0.04752304725302222,0.05168998284766905,0.9811320754716981,0.04752304725302222,1.0,0.03764649629281263,1.0,1.0,1.0,0.3554947999655269,106,27,45,13,3,6,4643,,,,,,,,,
wine,LocalHead-Momentum,3,core,localhead,0,0,0,0,,150,150,False,0.08671054188470834,0.06572111584997314,0.9905660377358491,0.08671054188470834,0.9629629629629629,0.12507226412040381,0.9333333333333333,0.937037037037037,0.9384902143522833,0.3491646000184119,106,27,45,13,3,6,4643,,,,,,,,,
wine,LocalHead-Momentum,4,core,localhead,0,0,0,0,,150,150,False,0.04167843545755457,0.07710233022029582,0.9905660377358491,0.04167843545755457,1.0,0.11134185744863032,0.9555555555555556,0.9592592592592593,0.9592592592592593,0.3304982000263408,106,27,45,13,3,6,4643,,,,,,,,,
wine,LocalHead-Momentum,5,core,localhead,0,0,0,0,,148,150,False,0.14802479697713605,0.032084487682463865,1.0,0.14802479697713605,0.9259259259259259,0.06343595768477396,0.9777777777777777,0.9814814814814815,0.9797235023041475,0.31023450003704056,106,27,45,13,3,6,4643,,,,,,,,,
wine,LocalHead-Momentum,6,core,localhead,0,0,0,0,,150,150,False,0.0340261760799529,0.046835897092492244,1.0,0.0340261760799529,1.0,0.07457027400966577,0.9777777777777777,0.9814814814814815,0.9771428571428572,0.38134100002935156,106,27,45,13,3,6,4643,,,,,,,,,
wine,LocalHead-Momentum,7,core,localhead,0,0,0,0,,150,150,False,0.049589732079865084,0.05208962688301967,0.9905660377358491,0.049589732079865084,1.0,0.1577552345647612,0.9777777777777777,0.9814814814814815,0.9771428571428572,0.3212043000385165,106,27,45,13,3,6,4643,,,,,,,,,
wine,LocalHead-Momentum,8,core,localhead,0,0,0,0,,150,150,False,0.17362217332032848,0.04833482025022158,0.9905660377358491,0.17362217332032848,0.9259259259259259,0.16627097119372364,0.9333333333333333,0.9407407407407407,0.9358730158730159,0.31365239998558536,106,27,45,13,3,6,4643,,,,,,,,,
wine,LocalHead-Momentum,9,core,localhead,0,0,0,0,,150,150,False,0.12562685424993952,0.06169640472615143,0.9905660377358491,0.12562685424993952,0.9629629629629629,0.13741690258084965,0.9777777777777777,0.9814814814814815,0.9797235023041475,0.33352970000123605,106,27,45,13,3,6,4643,,,,,,,,,
wine,AR64-Momentum,0,core,ar,64,1,64,320,0.16,40,60,True,0.16850456978997083,0.08894195370975728,1.0,0.16850456978997083,0.9629629629629629,0.12136285450609015,0.9555555555555556,0.9555555555555556,0.9586466165413534,1.4525029000360519,106,27,45,13,3,6,4643,,,,,,,,,
wine,AR64-Momentum,3,core,ar,64,1,64,320,0.16,34,54,True,0.1621793726556169,0.060062342470505854,1.0,0.1621793726556169,0.9259259259259259,0.10865472291844773,0.9777777777777777,0.9814814814814815,0.9797235023041475,1.5302163999876939,106,27,45,13,3,6,4643,,,,,,,,,
wine,AR64-Momentum,1,core,ar,64,1,64,320,0.16,150,150,False,0.02651919548625444,0.01658599188350463,1.0,0.02651919548625444,1.0,0.1260360707957128,0.9555555555555556,0.9629629629629629,0.9563061353573689,4.155890199996065,106,27,45,13,3,6,4643,,,,,,,,,
wine,AR64-Momentum,2,core,ar,64,1,64,320,0.16,150,150,False,0.02730832436501907,0.015580306340888061,1.0,0.02730832436501907,1.0,0.03919145997435878,1.0,1.0,1.0,4.287808699999005,106,27,45,13,3,6,4643,,,,,,,,,
wine,AR64-Momentum,4,core,ar,64,1,64,320,0.16,149,150,False,0.009326690480163366,0.01592772715462189,1.0,0.009326690480163366,1.0,0.07126975959074582,0.9777777777777777,0.9814814814814815,0.9771428571428572,4.3418651999672875,106,27,45,13,3,6,4643,,,,,,,,,
wine,AR64-Momentum,5,core,ar,64,1,64,320,0.16,149,150,False,0.1189535027601589,0.014184722994748388,1.0,0.1189535027601589,0.9259259259259259,0.11698672086716576,0.9777777777777777,0.9814814814814815,0.9797235023041475,4.4143317000125535,106,27,45,13,3,6,4643,,,,,,,,,
wine,AR64-Momentum,6,core,ar,64,1,64,320,0.16,150,150,False,0.027065812556429508,0.016863521053631172,1.0,0.027065812556429508,1.0,0.0717669153997175,0.9777777777777777,0.9814814814814815,0.9771428571428572,4.359402899979614,106,27,45,13,3,6,4643,,,,,,,,,
wine,AR64-Momentum,7,core,ar,64,1,64,320,0.16,150,150,False,0.02159477078881045,0.015366416627586714,1.0,0.02159477078881045,1.0,0.12650152001034914,0.9777777777777777,0.9814814814814815,0.9797235023041475,4.376497699995525,106,27,45,13,3,6,4643,,,,,,,,,
wine,CAT40-Momentum,0,core,cat,40,2,40,200,,40,60,True,0.16665602686240966,0.09415825562501925,1.0,0.16665602686240966,0.9629629629629629,0.12527234481483068,0.9333333333333333,0.937037037037037,0.9384902143522833,1.4372449000366032,106,27,45,13,3,6,4643,,,,,,,,,
wine,AR64-Momentum,8,core,ar,64,1,64,320,0.16,150,150,False,0.08476493952522539,0.014807341419021219,1.0,0.08476493952522539,1.0,0.14769929275704105,0.9555555555555556,0.9537037037037037,0.9537037037037037,4.516097700048704,106,27,45,13,3,6,4643,,,,,,,,,
wine,AR64-Momentum,9,core,ar,64,1,64,320,0.16,150,150,False,0.09145825422057577,0.015826820448214707,1.0,0.09145825422057577,0.9629629629629629,0.029836598536178222,1.0,1.0,1.0,4.255684899981134,106,27,45,13,3,6,4643,,,,,,,,,
wine,CAT40-Momentum,3,core,cat,40,2,40,200,,37,57,True,0.16297011530809993,0.05744051427161187,1.0,0.16297011530809993,0.9259259259259259,0.10676872576748563,0.9777777777777777,0.9814814814814815,0.9797235023041475,1.4265828999923542,106,27,45,13,3,6,4643,,,,,,,,,
wine,CAT40-Momentum,1,core,cat,40,2,40,200,,150,150,False,0.027304553103612857,0.0168640929073616,1.0,0.027304553103612857,1.0,0.12453866680158257,0.9555555555555556,0.9629629629629629,0.9563061353573689,3.7396469000377692,106,27,45,13,3,6,4643,,,,,,,,,
wine,CAT40-Momentum,2,core,cat,40,2,40,200,,150,150,False,0.027807510747585477,0.016321691050070215,1.0,0.027807510747585477,1.0,0.03698665576860491,1.0,1.0,1.0,3.5404206999810413,106,27,45,13,3,6,4643,,,,,,,,,
wine,CAT40-Momentum,4,core,cat,40,2,40,200,,150,150,False,0.009245919098134627,0.016353530504609456,1.0,0.009245919098134627,1.0,0.07133242134160968,0.9777777777777777,0.9814814814814815,0.9771428571428572,3.63791809999384,106,27,45,13,3,6,4643,,,,,,,,,
wine,CAT40-Momentum,5,core,cat,40,2,40,200,,149,150,False,0.1235433895656974,0.01456639870509838,1.0,0.1235433895656974,0.8888888888888888,0.11720970564227737,0.9777777777777777,0.9814814814814815,0.9797235023041475,3.5069001999800093,106,27,45,13,3,6,4643,,,,,,,,,
wine,CAT40-Momentum,6,core,cat,40,2,40,200,,150,150,False,0.027415093582664665,0.017232051034737343,1.0,0.027415093582664665,1.0,0.07539769269348995,0.9777777777777777,0.9814814814814815,0.9771428571428572,3.592101800022647,106,27,45,13,3,6,4643,,,,,,,,,
wine,CAT40-Momentum,7,core,cat,40,2,40,200,,150,150,False,0.02269323307267776,0.016075682389318665,1.0,0.02269323307267776,1.0,0.12434431658302751,0.9777777777777777,0.9814814814814815,0.9797235023041475,3.5919579999754205,106,27,45,13,3,6,4643,,,,,,,,,
wine,CAT40-Momentum,8,core,cat,40,2,40,200,,150,150,False,0.09073593535720802,0.015136250322206071,1.0,0.09073593535720802,1.0,0.14793529255522694,0.9555555555555556,0.9537037037037037,0.9537037037037037,3.5771286000381224,106,27,45,13,3,6,4643,,,,,,,,,
wine,CAT64-Momentum,0,core,cat,64,2,64,320,,40,60,True,0.16858760187878927,0.08874706319473744,1.0,0.16858760187878927,0.9629629629629629,0.12121907557538672,0.9555555555555556,0.9555555555555556,0.9586466165413534,2.1134294999646954,106,27,45,13,3,6,4643,,,,,,,,,
wine,CAT40-Momentum,9,core,cat,40,2,40,200,,150,150,False,0.09479923240887465,0.016292546964031013,1.0,0.09479923240887465,0.9629629629629629,0.031645761501015675,0.9777777777777777,0.9814814814814815,0.9797235023041475,3.514466700027697,106,27,45,13,3,6,4643,,,,,,,,,
wine,CAT64-Momentum,3,core,cat,64,2,64,320,,34,54,True,0.1621372525710425,0.05995599745893019,1.0,0.1621372525710425,0.9259259259259259,0.1084514034312839,0.9777777777777777,0.9814814814814815,0.9797235023041475,1.8731520000146702,106,27,45,13,3,6,4643,,,,,,,,,
wine,CAT64-Momentum,1,core,cat,64,2,64,320,,150,150,False,0.02648888764332939,0.01657549623825726,1.0,0.02648888764332939,1.0,0.1260952635877605,0.9555555555555556,0.9629629629629629,0.9563061353573689,5.4854781000176445,106,27,45,13,3,6,4643,,,,,,,,,
wine,CAT64-Momentum,2,core,cat,64,2,64,320,,150,150,False,0.027292272961025092,0.01555280411768113,1.0,0.027292272961025092,1.0,0.03929166513528028,1.0,1.0,1.0,5.523969799978659,106,27,45,13,3,6,4643,,,,,,,,,
wine,CAT64-Momentum,4,core,cat,64,2,64,320,,149,150,False,0.009327314865696879,0.015907269061332018,1.0,0.009327314865696879,1.0,0.07126406109144584,0.9777777777777777,0.9814814814814815,0.9771428571428572,5.60537339997245,106,27,45,13,3,6,4643,,,,,,,,,
wine,CAT64-Momentum,5,core,cat,64,2,64,320,,149,150,False,0.11877538723575072,0.014170176630046934,1.0,0.11877538723575072,0.9259259259259259,0.11697489508449485,0.9777777777777777,0.9814814814814815,0.9797235023041475,5.5957131999894045,106,27,45,13,3,6,4643,,,,,,,,,
wine,CAT64-Momentum,6,core,cat,64,2,64,320,,150,150,False,0.027053665179593605,0.016849844624320712,1.0,0.027053665179593605,1.0,0.07163053460792952,0.9777777777777777,0.9814814814814815,0.9771428571428572,5.504944000043906,106,27,45,13,3,6,4643,,,,,,,,,
wine,CAT64-Momentum,7,core,cat,64,2,64,320,,150,150,False,0.021556901848542778,0.015340171606556178,1.0,0.021556901848542778,1.0,0.12658355591649803,0.9777777777777777,0.9814814814814815,0.9797235023041475,5.462007900001481,106,27,45,13,3,6,4643,,,,,,,,,
wine,CAT64-Momentum,8,core,cat,64,2,64,320,,150,150,False,0.08453812080315531,0.01479511429892048,1.0,0.08453812080315531,1.0,0.14768958958328227,0.9555555555555556,0.9537037037037037,0.9537037037037037,5.67472299997462,106,27,45,13,3,6,4643,,,,,,,,,
wine,CAT64-MWBP,0,core,cat,64,2,64,320,,40,60,True,0.1717184657097603,0.09344657362864889,1.0,0.1717184657097603,0.9629629629629629,0.12595659087684197,0.9555555555555556,0.9555555555555556,0.9586466165413534,2.46349650004413,106,27,45,13,3,6,4643,,,,0.00040973338371979304,1.356921722865291,0.19075917185757815,-0.2358561718688232,1.1784329089383456,3.100090376096735
wine,CAT64-Momentum,9,core,cat,64,2,64,320,,150,150,False,0.09134971966618328,0.015810007218797544,1.0,0.09134971966618328,0.9629629629629629,0.0297703081812999,1.0,1.0,1.0,5.8448128999443725,106,27,45,13,3,6,4643,,,,,,,,,
wine,CAT64-MWBP,3,core,cat,64,2,64,320,,34,54,True,0.16279388956522406,0.06082880981994641,1.0,0.16279388956522406,0.9259259259259259,0.1095793126611066,0.9777777777777777,0.9814814814814815,0.9797235023041475,2.2601040999870747,106,27,45,13,3,6,4643,,,,0.0013965996056742337,1.3543058398602013,0.1905381810478957,-0.23584190821235398,1.1774125627926284,3.097525530576267
wine,CAT64-MWBP,1,core,cat,64,2,64,320,,150,150,False,0.02779959055124163,0.017803411820252572,1.0,0.02779959055124163,1.0,0.12651151260447152,0.9555555555555556,0.9629629629629629,0.9563061353573689,6.314407299971208,106,27,45,13,3,6,4643,,,,9.345775105705808e-05,1.3576114914369963,0.19059957143244627,-0.23586539103105728,1.1785154272657599,3.1003179000526524
wine,CAT64-MWBP,2,core,cat,64,2,64,320,,150,150,False,0.02971888398728871,0.017102086252099746,1.0,0.02971888398728871,1.0,0.03982671888272867,1.0,1.0,1.0,6.253958299988881,106,27,45,13,3,6,4643,,,,7.791108960852825e-05,1.359078309141568,0.19078401456122804,-0.23586445472439052,1.179156156728638,3.101905155963814
wine,CAT64-MWBP,4,core,cat,64,2,64,320,,149,150,False,0.009913831246512824,0.016595867783082467,1.0,0.009913831246512824,1.0,0.07099060954284374,0.9777777777777777,0.9814814814814815,0.9771428571428572,5.8576260000118054,106,27,45,13,3,6,4643,,,,0.00024732505713438203,1.3582671868750111,0.19071444843762106,-0.23585981902871175,1.1788153850844023,3.1010481377305528
wine,CAT64-MWBP,5,core,cat,64,2,64,320,,149,150,False,0.11859928573961977,0.014523630076593167,1.0,0.11859928573961977,0.9259259259259259,0.11647332837492039,0.9777777777777777,0.9814814814814815,0.9797235023041475,5.6592535999952815,106,27,45,13,3,6,4643,,,,0.0004560284207619615,1.3571441592288986,0.19065344357594793,-0.23586500105209743,1.1783546166346002,3.099918107322297
wine,CAT64-MWBP,6,core,cat,64,2,64,320,,150,150,False,0.02903893514000536,0.018881866009889274,1.0,0.02903893514000536,1.0,0.07344997748837666,0.9777777777777777,0.9814814814814815,0.9771428571428572,5.4119221000000834,106,27,45,13,3,6,4643,,,,0.0001019299256336739,1.3582406723552582,0.19069840334167926,-0.23586577063311023,1.1788269416475512,3.101091572971035
wine,CAT64-MWBP,7,core,cat,64,2,64,320,,150,150,False,0.023315776870316732,0.016906079171339225,1.0,0.023315776870316732,1.0,0.12447410929726838,0.9777777777777777,0.9814814814814815,0.9797235023041475,5.135817500005942,106,27,45,13,3,6,4643,,,,0.00013931021824238748,1.358975097202338,0.1907817785939183,-0.23586581348136182,1.1791070482595103,3.101786666164304
wine,CAT64-MWBP-local,0,core,cat,64,2,64,320,,40,60,True,0.17281475740397223,0.09476211808493253,1.0,0.17281475740397223,0.9629629629629629,0.1273035093439648,0.9555555555555556,0.9555555555555556,0.9586466165413534,2.0430501000373624,106,27,45,13,3,6,4643,,,,0.07449115148377533,2.8984151815892507,2.8984151815892507,-0.5999495557161133,2.0,8.004145897052327
wine,CAT64-MWBP,8,core,cat,64,2,64,320,,150,150,False,0.08441829926016563,0.015250380399485295,1.0,0.08441829926016563,1.0,0.14677448580608607,0.9555555555555556,0.9537037037037037,0.9537037037037037,5.127794200030621,106,27,45,13,3,6,4643,,,,0.00010776999349258501,1.3587195710315285,0.19075620069374508,-0.23586228559283753,1.1790206668756475,3.1015635706819373
wine,CAT64-MWBP,9,core,cat,64,2,64,320,,150,150,False,0.09277918349523787,0.016831113934947652,1.0,0.09277918349523787,0.9629629629629629,0.031073473598205847,1.0,1.0,1.0,4.905481599969789,106,27,45,13,3,6,4643,,,,9.961837780700897e-05,1.358353490153643,0.19069343659378316,-0.23586522214392305,1.178838855584592,3.1011197693348693
wine,CAT64-MWBP-local,3,core,cat,64,2,64,320,,34,54,True,0.16297536387299041,0.06106770719357064,1.0,0.16297536387299041,0.9259259259259259,0.10990193017343258,0.9777777777777777,0.9814814814814815,0.9797235023041475,1.7713590000057593,106,27,45,13,3,6,4643,,,,0.07496548260194183,2.8965676599457133,2.8965676599457133,-0.5998717094128806,1.9999999999999996,8.003647438038865
wine,CAT64-MWBP-local,1,core,cat,64,2,64,320,,150,150,False,0.02818141935944867,0.018020577001977792,1.0,0.02818141935944867,1.0,0.12685947985371787,0.9555555555555556,0.9629629629629629,0.9563061353573689,5.021140499971807,106,27,45,13,3,6,4643,,,,0.07382661430819205,2.898706199441444,2.898706199441444,-0.5999961981853799,1.9999999999999991,8.004444569127815
wine,CAT64-MWBP-local,2,core,cat,64,2,64,320,,150,150,False,0.030506612906352662,0.01764167024338283,1.0,0.030506612906352662,1.0,0.039965133450001994,1.0,1.0,1.0,4.754715799994301,106,27,45,13,3,6,4643,,,,0.07397176858134567,2.899728179429163,2.899728179429163,-0.5999942763844095,2.000000000000001,8.004432262777812
wine,CAT64-MWBP-local,4,core,cat,64,2,64,320,,150,150,False,0.010024314865226107,0.01666781989961756,1.0,0.010024314865226107,1.0,0.07086072762656108,0.9777777777777777,0.9814814814814815,0.9771428571428572,4.79498969996348,106,27,45,13,3,6,4643,,,,0.07423461805095172,2.8991251536215645,2.8991251536215645,-0.5999822669298904,2.0,8.004355360055063
wine,CAT64-MWBP-local,5,core,cat,64,2,64,320,,149,150,False,0.11860538226929947,0.014609307683990802,1.0,0.11860538226929947,0.9259259259259259,0.11610935411788802,0.9777777777777777,0.9814814814814815,0.9797235023041475,4.8681935999775305,106,27,45,13,3,6,4643,,,,0.07452039721874862,2.8985141825141074,2.8985141825141074,-0.5999950862992882,1.9999999999999978,8.0044374491065
wine,CAT64-MWBP-local,6,core,cat,64,2,64,320,,150,150,False,0.02970405189689269,0.019514665871849794,1.0,0.02970405189689269,1.0,0.0739988502381887,0.9777777777777777,0.9814814814814815,0.9771428571428572,4.589897600002587,106,27,45,13,3,6,4643,,,,0.0739403030724932,2.899083477206138,2.899083477206138,-0.599998098310736,1.9999999999999996,8.004456736695536
wine,CAT64-MWBP-local,7,core,cat,64,2,64,320,,150,150,False,0.02389355479155117,0.017422143245970727,1.0,0.02389355479155117,1.0,0.12375326379562747,0.9777777777777777,0.9814814814814815,0.9797235023041475,4.763290599978063,106,27,45,13,3,6,4643,,,,0.07416817867954326,2.8996519307626745,2.8996519307626745,-0.5999981625265645,1.9999999999999982,8.004457147905793
wine,CAT64-MWBP-local,8,core,cat,64,2,64,320,,150,150,False,0.08454971549180554,0.015361607281300703,1.0,0.08454971549180554,1.0,0.14659322273656303,0.9555555555555556,0.9537037037037037,0.9537037037037037,4.66953899996588,106,27,45,13,3,6,4643,,,,0.07404575448116245,2.89945653346566,2.89945653346566,-0.5999887263533186,1.9999999999999991,8.004396722978361
wine,CAT64-MWBP-local-EM,0,core,cat,64,2,64,320,,40,60,True,0.17263793026396873,0.09461521973600792,1.0,0.17263793026396873,0.9629629629629629,0.12714023513027956,0.9555555555555556,0.9555555555555556,0.9586466165413534,2.2039225000189617,106,27,45,13,3,6,4643,2.23717529296875,0.27530762641044665,0.2753306556978592,0.004753437004874653,2.499296691009361,2.499296691009361,-0.44739657402715155,2.0,7.084556394258357
wine,CAT64-MWBP-local,9,core,cat,64,2,64,320,,150,150,False,0.09409104555540082,0.017124863936208292,1.0,0.09409104555540082,0.9629629629629629,0.031398372622020596,1.0,1.0,1.0,4.704921900003683,106,27,45,13,3,6,4643,,,,0.0739897238034997,2.899255498453226,2.899255498453226,-0.5999952343342629,1.9999999999999991,8.004438397055921
wine,CAT64-MWBP-local-EM,3,core,cat,64,2,64,320,,34,54,True,0.16292932144474928,0.06102791404486964,1.0,0.16292932144474928,0.9259259259259259,0.10985097139083652,0.9777777777777777,0.9814814814814815,0.9797235023041475,2.3511653000023216,106,27,45,13,3,6,4643,2.23717529296875,0.2747856419641992,0.27483635995164274,0.005265731458266398,2.498153128268486,2.498153128268486,-0.44733728152615354,1.9999999999999991,7.084220353374636
wine,CAT64-MWBP-local-EM,1,core,cat,64,2,64,320,,150,150,False,0.028209966821080262,0.018059513044351348,1.0,0.028209966821080262,1.0,0.12677486678563785,0.9555555555555556,0.9629629629629629,0.9563061353573689,5.235580199980177,106,27,45,13,3,6,4643,2.23717529296875,0.274183769464372,0.2741471711219763,0.00420610918921475,2.4997317335412146,2.4997317335412146,-0.4474319842159281,1.9999999999999982,7.084757089484451
wine,CAT64-MWBP-local-EM,2,core,cat,64,2,64,320,,150,150,False,0.030487691817312944,0.01763064652668548,1.0,0.030487691817312944,1.0,0.04002801934949399,1.0,1.0,1.0,5.482223400031216,106,27,45,13,3,6,4643,2.2393579101562495,0.27015256979872815,0.27014681269623686,0.004262169477451161,2.5013039178497722,2.5013039178497722,-0.44786707245854346,1.9999999999999984,7.087223514313664
wine,CAT64-MWBP-local-EM,4,core,cat,64,2,64,320,,150,150,False,0.01001391657615629,0.016661975507989354,1.0,0.01001391657615629,1.0,0.07092537162472537,0.9777777777777777,0.9814814814814815,0.9771428571428572,5.31418439996196,106,27,45,13,3,6,4643,2.2393579101562495,0.2722929231223388,0.2722309375352776,0.004517160121720762,2.5009636921991873,2.5009636921991873,-0.44785778376636065,2.0,7.087170849679223
wine,CAT64-MWBP-local-EM,5,core,cat,64,2,64,320,,149,150,False,0.11856768352880478,0.014623248782343187,1.0,0.11856768352880478,0.9259259259259259,0.11614638954651976,0.9777777777777777,0.9814814814814815,0.9797235023041475,5.089427699975204,106,27,45,13,3,6,4643,2.23717529296875,0.2750520106796321,0.27510341132932953,0.004795852308270238,2.4995087972775925,2.4995087972775925,-0.4474311939813187,1.9999999999999996,7.084752610589672
wine,CAT64-MWBP-local-EM,6,core,cat,64,2,64,320,,150,150,False,0.029705031457242088,0.019513113416261257,1.0,0.029705031457242088,1.0,0.07401078203061534,0.9777777777777777,0.9814814814814815,0.9771428571428572,5.838909100042656,106,27,45,13,3,6,4643,2.2408129882812498,0.2688801699363905,0.26888827794904985,0.004346955281128578,2.501609202509941,2.501609202509941,-0.4481611461288946,2.0,7.088891043121672
breast_cancer,BP-Momentum,0,core,bp,0,0,0,0,,43,63,True,0.0466052300248712,0.039491571749325945,0.9911764705882353,0.0466052300248712,0.9883720930232558,0.11837402349976962,0.951048951048951,0.9455974842767296,0.947329650092081,0.3623517999658361,340,86,143,30,2,6,6526,,,,,,,,,
breast_cancer,BP-Momentum,1,core,bp,0,0,0,0,,22,42,True,0.06560129056058196,0.047317310629095964,0.9911764705882353,0.06560129056058196,0.9767441860465116,0.09618241853920116,0.958041958041958,0.9550314465408805,0.9550314465408805,0.23032510001212358,340,86,143,30,2,6,6526,,,,,,,,,
breast_cancer,BP-Momentum,2,core,bp,0,0,0,0,,23,43,True,0.07151010569512954,0.04251184755420477,0.9882352941176471,0.07151010569512954,0.9883720930232558,0.11508074318238826,0.965034965034965,0.9567085953878407,0.9620669531540135,0.2708800000254996,340,86,143,30,2,6,6526,,,,,,,,,
breast_cancer,BP-Momentum,3,core,bp,0,0,0,0,,41,61,True,0.024429557636251518,0.05147517861213806,0.9911764705882353,0.024429557636251518,0.9883720930232558,0.04862091383650442,0.986013986013986,0.9850104821802935,0.9850104821802935,0.3322801000322215,340,86,143,30,2,6,6526,,,,,,,,,
wine,CAT64-MWBP-local-EM,7,core,cat,64,2,64,320,,150,150,False,0.023903165558645925,0.017430255290979437,1.0,0.023903165558645925,1.0,0.12398364623426181,0.9777777777777777,0.9814814814814815,0.9797235023041475,5.8987664000014775,106,27,45,13,3,6,4643,2.23717529296875,0.2752384100275667,0.27523900884736874,0.004341003233401824,2.5002870574731855,2.5002870574731855,-0.4474335620398407,1.9999999999999993,7.084766032289422
breast_cancer,BP-Momentum,5,core,bp,0,0,0,0,,30,50,True,0.10754145236483884,0.04024176844402316,0.9941176470588236,0.10754145236483884,0.9767441860465116,0.057099476656075794,0.972027972027972,0.9777777777777779,0.9704545454545455,0.25440150004578754,340,86,143,30,2,6,6526,,,,,,,,,
breast_cancer,BP-Momentum,4,core,bp,0,0,0,0,,39,59,True,0.04821546956948213,0.03618235893551603,0.9941176470588236,0.04821546956948213,0.9651162790697675,0.10831734462141966,0.972027972027972,0.9661425576519916,0.9697802197802198,0.30847049999283627,340,86,143,30,2,6,6526,,,,,,,,,
breast_cancer,BP-Momentum,6,core,bp,0,0,0,0,,71,91,True,0.057649472692941045,0.02403455403672786,0.9941176470588236,0.057649472692941045,0.9883720930232558,0.053115279632369845,0.986013986013986,0.9850104821802935,0.9850104821802935,0.45260969997616485,340,86,143,30,2,6,6526,,,,,,,,,
breast_cancer,BP-Momentum,7,core,bp,0,0,0,0,,65,85,True,0.08626969184079274,0.04494272472461454,0.9911764705882353,0.08626969184079274,0.9651162790697675,0.04424170509559958,0.986013986013986,0.9850104821802935,0.9850104821802935,0.4483720000134781,340,86,143,30,2,6,6526,,,,,,,,,
wine,CAT64-MWBP-local-EM,8,core,cat,64,2,64,320,,150,150,False,0.08450102832462233,0.015359778736741325,1.0,0.08450102832462233,1.0,0.14656411756704,0.9555555555555556,0.9537037037037037,0.9537037037037037,5.9118871000246145,106,27,45,13,3,6,4643,2.24008544921875,0.2711292530049535,0.2711150627832445,0.004379834514978873,2.5014742523483067,2.5014742523483067,-0.4480072328062525,1.9999999999999998,7.0880182370379305
breast_cancer,BP-Momentum,9,core,bp,0,0,0,0,,22,42,True,0.06913505843354258,0.06580839541194593,0.9882352941176471,0.06913505843354258,0.9534883720930233,0.06209154792330657,0.986013986013986,0.9850104821802935,0.9850104821802935,0.20388139999704435,340,86,143,30,2,6,6526,,,,,,,,,
breast_cancer,BP-Adam,1,core,bp,0,0,0,0,,2,22,True,0.05102554161750697,0.06854356781806355,0.9852941176470589,0.05102554161750697,0.9883720930232558,0.10518363550665225,0.951048951048951,0.9455974842767296,0.947329650092081,0.10855260002426803,340,86,143,30,2,6,6526,,,,,,,,,
breast_cancer,BP-Momentum,8,core,bp,0,0,0,0,,53,73,True,0.03792287053342647,0.042298632285883785,0.9882352941176471,0.03792287053342647,0.9767441860465116,0.0647846298458447,0.965034965034965,0.960587002096436,0.9623783214943435,0.40620689996285364,340,86,143,30,2,6,6526,,,,,,,,,
breast_cancer,BP-Adam,0,core,bp,0,0,0,0,,27,47,True,0.04118570340375209,0.026825938392484573,0.9941176470588236,0.04118570340375209,0.9883720930232558,0.1277780624387805,0.965034965034965,0.9644654088050315,0.9626690335717643,0.24828050000360236,340,86,143,30,2,6,6526,,,,,,,,,
breast_cancer,BP-Adam,2,core,bp,0,0,0,0,,4,24,True,0.07497360494370095,0.05060196248256163,0.9882352941176471,0.07497360494370095,0.9883720930232558,0.13107027548375605,0.965034965034965,0.9567085953878407,0.9620669531540135,0.15240079996874556,340,86,143,30,2,6,6526,,,,,,,,,
breast_cancer,BP-Adam,3,core,bp,0,0,0,0,,6,26,True,0.028302406957069308,0.06016473746165831,0.9882352941176471,0.028302406957069308,0.9883720930232558,0.06290907409772033,0.9790209790209791,0.9755765199161426,0.9774269928966062,0.13003109995042905,340,86,143,30,2,6,6526,,,,,,,,,
breast_cancer,BP-Adam,4,core,bp,0,0,0,0,,12,32,True,0.03361186221452648,0.047038297169933525,0.9882352941176471,0.03361186221452648,0.9883720930232558,0.15085957074072123,0.951048951048951,0.9494758909853249,0.9477366470004699,0.18419649999123067,340,86,143,30,2,6,6526,,,,,,,,,
breast_cancer,BP-Adam,6,core,bp,0,0,0,0,,11,31,True,0.04339474462825334,0.03626406494458721,0.9941176470588236,0.04339474462825334,0.9883720930232558,0.04875648826017847,0.986013986013986,0.9850104821802935,0.9850104821802935,0.17207820003386587,340,86,143,30,2,6,6526,,,,,,,,,
breast_cancer,BP-Adam,7,core,bp,0,0,0,0,,15,35,True,0.08530870479428224,0.03443108225817901,0.9941176470588236,0.08530870479428224,0.9651162790697675,0.055616856753979635,0.986013986013986,0.9850104821802935,0.9850104821802935,0.18756640003994107,340,86,143,30,2,6,6526,,,,,,,,,
breast_cancer,BP-Adam,5,core,bp,0,0,0,0,,33,53,True,0.10642177143356778,0.034063022293060914,0.9882352941176471,0.10642177143356778,0.9767441860465116,0.1919894904764279,0.958041958041958,0.9666666666666667,0.9559729064039408,0.32897299999604,340,86,143,30,2,6,6526,,,,,,,,,
breast_cancer,BP-Adam,9,core,bp,0,0,0,0,,2,22,True,0.06629094161748791,0.11714523293349956,0.961764705882353,0.06629094161748791,0.9883720930232558,0.1042075186637059,0.972027972027972,0.970020964360587,0.970020964360587,0.13580190000357106,340,86,143,30,2,6,6526,,,,,,,,,
breast_cancer,BP-Adam,8,core,bp,0,0,0,0,,12,32,True,0.051530910442710846,0.0408212835539636,0.9882352941176471,0.051530910442710846,0.9767441860465116,0.062040300755942024,0.965034965034965,0.960587002096436,0.9623783214943435,0.20471349998842925,340,86,143,30,2,6,6526,,,,,,,,,
breast_cancer,BP-MWBP,1,core,bp,0,0,0,0,,22,42,True,0.06535191803664808,0.047951815279123206,0.9911764705882353,0.06535191803664808,0.9767441860465116,0.09590506861027352,0.958041958041958,0.9550314465408805,0.9550314465408805,0.5399952000007033,340,86,143,30,2,6,6526,,,,0.007651912474269484,1.3110595522188953,0.1863560465362754,-0.23584206507441285,1.1593829142679928,3.053168743121924
wine,CAT64-MWBP-local-EM,9,core,cat,64,2,64,320,,150,150,False,0.0938899461520921,0.01713985824842284,1.0,0.0938899461520921,0.9629629629629629,0.031422795533591855,1.0,1.0,1.0,5.843925199995283,106,27,45,13,3,6,4643,2.23717529296875,0.274347256616739,0.27441875654770936,0.004276463748576262,2.500050626501857,2.500050626501857,-0.4474312964477742,2.000000000000001,7.084753191349295
breast_cancer,BP-MWBP,2,core,bp,0,0,0,0,,23,43,True,0.07180717829094439,0.043091276110494445,0.9882352941176471,0.07180717829094439,0.9883720930232558,0.11471114273360669,0.965034965034965,0.9567085953878407,0.9620669531540135,0.6620338000357151,340,86,143,30,2,6,6526,,,,0.02560940203450569,1.2927666230977455,0.18545925003699304,-0.2357754687811411,1.152672166225734,3.0366596380114266
breast_cancer,BP-MWBP,0,core,bp,0,0,0,0,,43,63,True,0.04699787721358257,0.04144515547944712,0.9911764705882353,0.04699787721358257,0.9883720930232558,0.12029499784072668,0.9440559440559441,0.9361635220125786,0.9395604395604396,0.8552833999856375,340,86,143,30,2,6,6526,,,,0.006973338341124698,1.272599967008045,0.1869178495511389,-0.23584706549262033,1.1485010097877473,3.0267167774198738
breast_cancer,BP-MWBP,5,core,bp,0,0,0,0,,30,50,True,0.10752850917017615,0.040954109304929355,0.9941176470588236,0.10752850917017615,0.9767441860465116,0.057775545583686,0.972027972027972,0.9777777777777779,0.9704545454545455,0.6763122000265867,340,86,143,30,2,6,6526,,,,0.001797452617509445,1.3249411878837902,0.18673275928401334,-0.2358250311214734,1.164620179688622,3.065946002691956
breast_cancer,BP-MWBP,3,core,bp,0,0,0,0,,41,61,True,0.024723525211713906,0.05194604315113007,0.9911764705882353,0.024723525211713906,0.9883720930232558,0.048895526815032744,0.986013986013986,0.9850104821802935,0.9850104821802935,0.8184633000055328,340,86,143,30,2,6,6526,,,,0.1974420593239632,0.7875161736835938,0.1455876974924098,-0.23567811130861363,0.8541387571075654,2.3913390828013656
breast_cancer,BP-MWBP,4,core,bp,0,0,0,0,,39,59,True,0.04893092537604839,0.037591918206406505,0.9941176470588236,0.04893092537604839,0.9651162790697675,0.10741491552004108,0.972027972027972,0.9661425576519916,0.9697802197802198,0.9088693999801762,340,86,143,30,2,6,6526,,,,0.0022169497198443453,1.3380718544524721,0.18889524727374365,-0.2358600960101354,1.1710715695740084,3.081897049264378
breast_cancer,BP-MWBP,9,core,bp,0,0,0,0,,22,42,True,0.06898268455352939,0.06671232374983013,0.9882352941176471,0.06898268455352939,0.9651162790697675,0.06271958163365772,0.986013986013986,0.9850104821802935,0.9850104821802935,0.6835182000068016,340,86,143,30,2,6,6526,,,,0.02166465027168746,1.253602314456949,0.18490422668132386,-0.23584822805424596,1.1375143453891872,3.0002333193324255
breast_cancer,BP-MWBP,6,core,bp,0,0,0,0,,71,91,True,0.05766423374218594,0.024262738182705544,0.9941176470588236,0.05766423374218594,0.9883720930232558,0.053117655565458506,0.986013986013986,0.9850104821802935,0.9850104821802935,1.4558549000066705,340,86,143,30,2,6,6526,,,,0.039886925812820974,1.1670057304540165,0.16841580156686442,-0.23572821192146792,1.09395027134299,2.897194302002784
breast_cancer,FA-Momentum,0,core,fa,0,0,0,0,,32,52,True,0.03795764429513475,0.07977409832424424,0.9823529411764705,0.03795764429513475,0.9883720930232558,0.16906549816317673,0.9440559440559441,0.9400419287211741,0.9400419287211741,0.30388029996538535,340,86,143,30,2,6,6526,,,,,,,,,
breast_cancer,BP-MWBP,8,core,bp,0,0,0,0,,53,73,True,0.037628035061129377,0.04413190354026257,0.9882352941176471,0.037628035061129377,0.9883720930232558,0.06443212177104433,0.958041958041958,0.9550314465408805,0.9550314465408805,1.212328299996443,340,86,143,30,2,6,6526,,,,0.0034073752386458225,1.3059230528029568,0.1880564204487144,-0.23584858170108616,1.1605406352246086,3.0560137588650504
breast_cancer,BP-MWBP,7,core,bp,0,0,0,0,,65,85,True,0.08653058906662889,0.04510657942461042,0.9911764705882353,0.08653058906662889,0.9651162790697675,0.0445559258994179,0.986013986013986,0.9850104821802935,0.9850104821802935,1.335000500024762,340,86,143,30,2,6,6526,,,,0.11936080960451834,0.7560535397529139,0.13621270753454195,-0.23579644321230514,0.8757833489802505,2.433337650722165
breast_cancer,FA-Momentum,3,core,fa,0,0,0,0,,40,60,True,0.029057807275742323,0.0779456637799051,0.9794117647058823,0.029057807275742323,0.9883720930232558,0.0901932559440702,0.972027972027972,0.970020964360587,0.970020964360587,0.37097069999435917,340,86,143,30,2,6,6526,,,,,,,,,
breast_cancer,FA-Momentum,4,core,fa,0,0,0,0,,55,75,True,0.06764618550207836,0.06056535978159604,0.9823529411764705,0.06764618550207836,0.9883720930232558,0.1314795822963993,0.965034965034965,0.960587002096436,0.9623783214943435,0.43287259998032823,340,86,143,30,2,6,6526,,,,,,,,,
breast_cancer,FA-Momentum,1,core,fa,0,0,0,0,,140,150,False,0.03938545166796814,0.062433058311245807,0.9882352941176471,0.03938545166796814,0.9767441860465116,0.1653551559355807,0.958041958041958,0.9550314465408805,0.9550314465408805,0.9308241999824531,340,86,143,30,2,6,6526,,,,,,,,,
breast_cancer,FA-Momentum,6,core,fa,0,0,0,0,,13,33,True,0.18071891834290255,0.12268005290721888,0.9647058823529412,0.18071891834290255,0.9418604651162791,0.06719924015147019,0.986013986013986,0.9811320754716981,0.9848901098901099,0.18333929998334497,340,86,143,30,2,6,6526,,,,,,,,,
breast_cancer,FA-Momentum,7,core,fa,0,0,0,0,,16,36,True,0.21310723741074672,0.14391695742652957,0.9676470588235294,0.21310723741074672,0.9418604651162791,0.16781878666948982,0.951048951048951,0.9455974842767296,0.947329650092081,0.20323889999417588,340,86,143,30,2,6,6526,,,,,,,,,
breast_cancer,FA-Momentum,5,core,fa,0,0,0,0,,44,64,True,0.12006015848557865,0.06546095446785231,0.9823529411764705,0.12006015848557865,0.9767441860465116,0.11266854436477794,0.972027972027972,0.9777777777777779,0.9704545454545455,0.4480938999913633,340,86,143,30,2,6,6526,,,,,,,,,
breast_cancer,FA-Momentum,2,core,fa,0,0,0,0,,149,150,False,0.06421230839069902,0.055007102446649705,0.9882352941176471,0.06421230839069902,0.9883720930232558,0.10804118564744658,0.972027972027972,0.9661425576519916,0.9697802197802198,0.9662405000417493,340,86,143,30,2,6,6526,,,,,,,,,
breast_cancer,FA-Momentum,9,core,fa,0,0,0,0,,42,62,True,0.08089945277059687,0.10822464704224218,0.9705882352941176,0.08089945277059687,0.9767441860465116,0.08662487969194772,0.9790209790209791,0.9755765199161426,0.9774269928966062,0.35001190000912175,340,86,143,30,2,6,6526,,,,,,,,,
breast_cancer,DFA-Momentum,0,core,dfa,0,0,0,0,,27,47,True,0.06964371741840111,0.07671479816360773,0.9852941176470589,0.06964371741840111,0.9883720930232558,0.20376446325077133,0.951048951048951,0.9494758909853249,0.9477366470004699,0.31739169999491423,340,86,143,30,2,6,6526,,,,,,,,,
breast_cancer,DFA-Momentum,2,core,dfa,0,0,0,0,,9,29,True,0.10990502436447731,0.24356575415657025,0.9411764705882353,0.10990502436447731,0.9767441860465116,0.19261553659000694,0.951048951048951,0.9417190775681341,0.9468937344156189,0.17159300000639632,340,86,143,30,2,6,6526,,,,,,,,,
breast_cancer,DFA-Momentum,1,core,dfa,0,0,0,0,,66,86,True,0.06635011956465374,0.05480098210983281,0.9882352941176471,0.06635011956465374,0.9883720930232558,0.20520260095959786,0.958041958041958,0.9550314465408805,0.9550314465408805,0.5244129000348039,340,86,143,30,2,6,6526,,,,,,,,,
breast_cancer,DFA-Momentum,3,core,dfa,0,0,0,0,,28,48,True,0.055747968681153934,0.07615609166901507,0.9852941176470589,0.055747968681153934,0.9767441860465116,0.09157739308531097,0.9790209790209791,0.9755765199161426,0.9774269928966062,0.3099843999953009,340,86,143,30,2,6,6526,,,,,,,,,
breast_cancer,DFA-Momentum,4,core,dfa,0,0,0,0,,20,40,True,0.06429020413381949,0.07678070929358154,0.9823529411764705,0.06429020413381949,0.9883720930232558,0.15558229259150808,0.965034965034965,0.960587002096436,0.9623783214943435,0.23647969996090978,340,86,143,30,2,6,6526,,,,,,,,,
breast_cancer,FA-Momentum,8,core,fa,0,0,0,0,,150,150,False,0.17036220112041037,0.14495940468540858,0.9647058823529412,0.17036220112041037,0.9534883720930233,0.1473378289614409,0.958041958041958,0.958909853249476,0.9553682896379525,0.9587431000545621,340,86,143,30,2,6,6526,,,,,,,,,
breast_cancer,DFA-Momentum,5,core,dfa,0,0,0,0,,31,51,True,0.11580564990263945,0.08753600695325259,0.9823529411764705,0.11580564990263945,0.9767441860465116,0.1315405828891635,0.965034965034965,0.9722222222222222,0.9631917631917633,0.30126999999629334,340,86,143,30,2,6,6526,,,,,,,,,
breast_cancer,DFA-Momentum,8,core,dfa,0,0,0,0,,17,37,True,0.09790835589921998,0.1439836955014275,0.9647058823529412,0.09790835589921998,0.9651162790697675,0.15531555790603033,0.958041958041958,0.9550314465408805,0.9550314465408805,0.16064630000619218,340,86,143,30,2,6,6526,,,,,,,,,
breast_cancer,DFA-Momentum,9,core,dfa,0,0,0,0,,16,36,True,0.06546621122904744,0.10698150620283352,0.9794117647058823,0.06546621122904744,0.9883720930232558,0.10687379681546462,0.9790209790209791,0.9794549266247379,0.9776014201430585,0.1799786000046879,340,86,143,30,2,6,6526,,,,,,,,,
breast_cancer,DFA-Momentum,6,core,dfa,0,0,0,0,,54,74,True,0.06579375764070669,0.06800271075215623,0.9852941176470589,0.06579375764070669,0.9883720930232558,0.044390338677662435,0.993006993006993,0.9905660377358491,0.9924756642988688,0.434252499951981,340,86,143,30,2,6,6526,,,,,,,,,
breast_cancer,DFA-Momentum,7,core,dfa,0,0,0,0,,61,81,True,0.18422259934549354,0.057754277385906654,0.9852941176470589,0.18422259934549354,0.9534883720930233,0.07390581691484724,0.986013986013986,0.9850104821802935,0.9850104821802935,0.5162550999666564,340,86,143,30,2,6,6526,,,,,,,,,
breast_cancer,LocalHead-Momentum,0,core,localhead,0,0,0,0,,52,72,True,0.05566762515952096,0.09119058883195542,0.9735294117647059,0.05566762515952096,0.9883720930232558,0.18424031106031896,0.9440559440559441,0.9400419287211741,0.9400419287211741,0.45007139997323975,340,86,143,30,2,6,6526,,,,,,,,,
breast_cancer,LocalHead-Momentum,2,core,localhead,0,0,0,0,,46,66,True,0.1312384188673274,0.08033649851372682,0.9735294117647059,0.1312384188673274,0.9651162790697675,0.1745746365447162,0.951048951048951,0.9378406708595388,0.9464276157345465,0.47368990001268685,340,86,143,30,2,6,6526,,,,,,,,,
breast_cancer,LocalHead-Momentum,1,core,localhead,0,0,0,0,,109,129,True,0.055042611891630844,0.0636657102621163,0.9852941176470589,0.055042611891630844,0.9883720930232558,0.11487732152822515,0.965034965034965,0.960587002096436,0.9623783214943435,0.8319295999826863,340,86,143,30,2,6,6526,,,,,,,,,
breast_cancer,LocalHead-Momentum,4,core,localhead,0,0,0,0,,79,99,True,0.0568048355363654,0.04949986869841536,0.9911764705882353,0.0568048355363654,0.9883720930232558,0.1425423302466388,0.965034965034965,0.960587002096436,0.9623783214943435,0.7023334000259638,340,86,143,30,2,6,6526,,,,,,,,,
breast_cancer,LocalHead-Momentum,3,core,localhead,0,0,0,0,,150,150,False,0.019665966148377338,0.07564986984170377,0.9852941176470589,0.019665966148377338,1.0,0.09634719779918953,0.9790209790209791,0.9755765199161426,0.9774269928966062,1.0053471999708563,340,86,143,30,2,6,6526,,,,,,,,,
breast_cancer,LocalHead-Momentum,5,core,localhead,0,0,0,0,,139,150,False,0.12333268234440532,0.04138162944500051,0.9911764705882353,0.12333268234440532,0.9767441860465116,0.08967971607823098,0.972027972027972,0.9777777777777779,0.9704545454545455,0.9883890000055544,340,86,143,30,2,6,6526,,,,,,,,,
breast_cancer,LocalHead-Momentum,7,core,localhead,0,0,0,0,,62,82,True,0.0865764845543587,0.08107685184011595,0.9794117647058823,0.0865764845543587,0.9767441860465116,0.06737762052065743,0.9790209790209791,0.9794549266247379,0.9776014201430585,0.5414977000327781,340,86,143,30,2,6,6526,,,,,,,,,
breast_cancer,LocalHead-Momentum,6,core,localhead,0,0,0,0,,142,150,False,0.0692202488695905,0.06399385551495797,0.9882352941176471,0.0692202488695905,0.9883720930232558,0.04415915517363726,0.993006993006993,0.9905660377358491,0.9924756642988688,0.9780263000284322,340,86,143,30,2,6,6526,,,,,,,,,
breast_cancer,LocalHead-Momentum,9,core,localhead,0,0,0,0,,31,51,True,0.08882972098455887,0.11445279257695273,0.9647058823529412,0.08882972098455887,0.9767441860465116,0.12062368414630824,0.965034965034965,0.960587002096436,0.9623783214943435,0.39085460000205785,340,86,143,30,2,6,6526,,,,,,,,,
breast_cancer,LocalHead-Momentum,8,core,localhead,0,0,0,0,,148,150,False,0.06132369107706144,0.09008088469007952,0.9764705882352941,0.06132369107706144,0.9883720930232558,0.11717082295757843,0.958041958041958,0.9550314465408805,0.9550314465408805,0.9412473000120372,340,86,143,30,2,6,6526,,,,,,,,,
breast_cancer,AR64-Momentum,1,core,ar,64,1,64,320,0.16,22,42,True,0.06570180020120304,0.04745086422860885,0.9911764705882353,0.06570180020120304,0.9767441860465116,0.09607751209390933,0.958041958041958,0.9550314465408805,0.9550314465408805,3.3623281000182033,340,86,143,30,2,6,6526,,,,,,,,,
breast_cancer,AR64-Momentum,2,core,ar,64,1,64,320,0.16,23,43,True,0.0715347451842891,0.04273522201227673,0.9882352941176471,0.0715347451842891,0.9883720930232558,0.11512402474737886,0.965034965034965,0.9567085953878407,0.9620669531540135,3.4818517999956384,340,86,143,30,2,6,6526,,,,,,,,,
breast_cancer,AR64-Momentum,0,core,ar,64,1,64,320,0.16,43,63,True,0.04657217307667547,0.03957921903834972,0.9911764705882353,0.04657217307667547,0.9883720930232558,0.11847334055295183,0.951048951048951,0.9455974842767296,0.947329650092081,5.214757799985819,340,86,143,30,2,6,6526,,,,,,,,,
breast_cancer,AR64-Momentum,3,core,ar,64,1,64,320,0.16,41,61,True,0.024418094387176657,0.05158185358191051,0.9911764705882353,0.024418094387176657,0.9883720930232558,0.04869396581298977,0.986013986013986,0.9850104821802935,0.9850104821802935,5.1912360999849625,340,86,143,30,2,6,6526,,,,,,,,,
breast_cancer,AR64-Momentum,5,core,ar,64,1,64,320,0.16,30,50,True,0.10753882682248371,0.04030849531686415,0.9941176470588236,0.10753882682248371,0.9767441860465116,0.0570634822366118,0.972027972027972,0.9777777777777779,0.9704545454545455,4.806384600000456,340,86,143,30,2,6,6526,,,,,,,,,
breast_cancer,AR64-Momentum,4,core,ar,64,1,64,320,0.16,39,59,True,0.048173789496345924,0.036275114695329645,0.9941176470588236,0.048173789496345924,0.9651162790697675,0.10827085511941309,0.972027972027972,0.9661425576519916,0.9697802197802198,5.707982699968852,340,86,143,30,2,6,6526,,,,,,,,,
breast_cancer,AR64-Momentum,9,core,ar,64,1,64,320,0.16,22,42,True,0.06921819274448135,0.06597005257953498,0.9882352941176471,0.06921819274448135,0.9534883720930233,0.062157752385262145,0.986013986013986,0.9850104821802935,0.9850104821802935,3.843652099953033,340,86,143,30,2,6,6526,,,,,,,,,
breast_cancer,AR64-Momentum,7,core,ar,64,1,64,320,0.16,65,85,True,0.08601562399586617,0.04503144272974404,0.9911764705882353,0.08601562399586617,0.9651162790697675,0.04424899298268223,0.986013986013986,0.9850104821802935,0.9850104821802935,7.917363899992779,340,86,143,30,2,6,6526,,,,,,,,,
breast_cancer,AR64-Momentum,6,core,ar,64,1,64,320,0.16,71,91,True,0.05768890733406481,0.02419694200473582,0.9941176470588236,0.05768890733406481,0.9883720930232558,0.053136362757193786,0.986013986013986,0.9850104821802935,0.9850104821802935,8.600576800003182,340,86,143,30,2,6,6526,,,,,,,,,
breast_cancer,AR64-Momentum,8,core,ar,64,1,64,320,0.16,53,73,True,0.0380260951944681,0.04256974190256036,0.9882352941176471,0.0380260951944681,0.9767441860465116,0.06470090782045444,0.965034965034965,0.960587002096436,0.9623783214943435,6.321203200030141,340,86,143,30,2,6,6526,,,,,,,,,
breast_cancer,CAT40-Momentum,1,core,cat,40,2,40,200,,22,42,True,0.06689365743667723,0.04902623068583042,0.9882352941176471,0.06689365743667723,0.9767441860465116,0.09481361112333568,0.958041958041958,0.9550314465408805,0.9550314465408805,2.807346099987626,340,86,143,30,2,6,6526,,,,,,,,,
breast_cancer,CAT40-Momentum,2,core,cat,40,2,40,200,,23,43,True,0.07179655348007857,0.045361067145085476,0.9852941176470589,0.07179655348007857,0.9883720930232558,0.11559699919917032,0.965034965034965,0.9567085953878407,0.9620669531540135,2.976283100026194,340,86,143,30,2,6,6526,,,,,,,,,
breast_cancer,CAT40-Momentum,0,core,cat,40,2,40,200,,43,63,True,0.04631322764712838,0.040655066982998915,0.9911764705882353,0.04631322764712838,0.9883720930232558,0.11969342803655218,0.951048951048951,0.9455974842767296,0.947329650092081,4.216188899998087,340,86,143,30,2,6,6526,,,,,,,,,
breast_cancer,CAT40-Momentum,3,core,cat,40,2,40,200,,41,61,True,0.02435054974468276,0.052814182639966054,0.9911764705882353,0.02435054974468276,0.9883720930232558,0.04964093459444744,0.986013986013986,0.9850104821802935,0.9850104821802935,4.33889159996761,340,86,143,30,2,6,6526,,,,,,,,,
breast_cancer,CAT40-Momentum,5,core,cat,40,2,40,200,,30,50,True,0.10752787572303353,0.04113528168827228,0.9941176470588236,0.10752787572303353,0.9767441860465116,0.056703284912863805,0.972027972027972,0.9777777777777779,0.9704545454545455,3.5043110999977216,340,86,143,30,2,6,6526,,,,,,,,,
breast_cancer,CAT40-Momentum,4,core,cat,40,2,40,200,,39,59,True,0.04780832576348251,0.03741251935754438,0.9941176470588236,0.04780832576348251,0.9651162790697675,0.10768673001270036,0.972027972027972,0.9661425576519916,0.9697802197802198,4.133080900006462,340,86,143,30,2,6,6526,,,,,,,,,
breast_cancer,CAT40-Momentum,9,core,cat,40,2,40,200,,22,42,True,0.07018906814915118,0.06793184257426021,0.9882352941176471,0.07018906814915118,0.9651162790697675,0.06300127709302358,0.9790209790209791,0.9794549266247379,0.9776014201430585,2.8720234999782406,340,86,143,30,2,6,6526,,,,,,,,,
breast_cancer,CAT40-Momentum,6,core,cat,40,2,40,200,,71,91,True,0.058231787402504016,0.026050026425280502,0.9941176470588236,0.058231787402504016,0.9883720930232558,0.05321729702649241,0.986013986013986,0.9850104821802935,0.9850104821802935,6.31338050001068,340,86,143,30,2,6,6526,,,,,,,,,
breast_cancer,CAT40-Momentum,7,core,cat,40,2,40,200,,65,85,True,0.08338753059026503,0.04603319136602242,0.9911764705882353,0.08338753059026503,0.9767441860465116,0.044426599308036975,0.986013986013986,0.9850104821802935,0.9850104821802935,5.735012500023004,340,86,143,30,2,6,6526,,,,,,,,,
breast_cancer,CAT40-Momentum,8,core,cat,40,2,40,200,,53,73,True,0.03941478615692281,0.045656689507600164,0.9882352941176471,0.03941478615692281,0.9767441860465116,0.06424071136952661,0.958041958041958,0.9550314465408805,0.9550314465408805,4.699248199991416,340,86,143,30,2,6,6526,,,,,,,,,
breast_cancer,CAT64-Momentum,1,core,cat,64,2,64,320,,22,42,True,0.06565964349034271,0.047390666509626825,0.9911764705882353,0.06565964349034271,0.9767441860465116,0.09612634520743994,0.958041958041958,0.9550314465408805,0.9550314465408805,4.372301600000355,340,86,143,30,2,6,6526,,,,,,,,,
breast_cancer,CAT64-Momentum,2,core,cat,64,2,64,320,,23,43,True,0.07152487021320016,0.0426365476018299,0.9882352941176471,0.07152487021320016,0.9883720930232558,0.11510491737013863,0.965034965034965,0.9567085953878407,0.9620669531540135,4.305218500026967,340,86,143,30,2,6,6526,,,,,,,,,
breast_cancer,CAT64-Momentum,0,core,cat,64,2,64,320,,43,63,True,0.046586436929231916,0.039539473961594504,0.9911764705882353,0.046586436929231916,0.9883720930232558,0.1184288331927889,0.951048951048951,0.9455974842767296,0.947329650092081,6.195191800012253,340,86,143,30,2,6,6526,,,,,,,,,
breast_cancer,CAT64-Momentum,3,core,cat,64,2,64,320,,41,61,True,0.02442323443958998,0.05153377524192993,0.9911764705882353,0.02442323443958998,0.9883720930232558,0.04865933230712622,0.986013986013986,0.9850104821802935,0.9850104821802935,6.2407966000027955,340,86,143,30,2,6,6526,,,,,,,,,
breast_cancer,CAT64-Momentum,4,core,cat,64,2,64,320,,39,59,True,0.048194216216906484,0.03623340694679066,0.9941176470588236,0.048194216216906484,0.9651162790697675,0.10829522446780923,0.972027972027972,0.9661425576519916,0.9697802197802198,6.901692400046159,340,86,143,30,2,6,6526,,,,,,,,,
breast_cancer,CAT64-Momentum,5,core,cat,64,2,64,320,,30,50,True,0.10753938463906829,0.04027787399079352,0.9941176470588236,0.10753938463906829,0.9767441860465116,0.05707836831402324,0.972027972027972,0.9777777777777779,0.9704545454545455,5.969838500022888,340,86,143,30,2,6,6526,,,,,,,,,
breast_cancer,CAT64-Momentum,9,core,cat,64,2,64,320,,22,42,True,0.06918469880556426,0.06589650119042997,0.9882352941176471,0.06918469880556426,0.9534883720930233,0.06212694131867053,0.986013986013986,0.9850104821802935,0.9850104821802935,5.4922815000172704,340,86,143,30,2,6,6526,,,,,,,,,
breast_cancer,CAT64-Momentum,6,core,cat,64,2,64,320,,71,91,True,0.05767157512902872,0.024124717963980167,0.9941176470588236,0.05767157512902872,0.9883720930232558,0.05312917603543701,0.986013986013986,0.9850104821802935,0.9850104821802935,11.117080600000918,340,86,143,30,2,6,6526,,,,,,,,,
breast_cancer,CAT64-Momentum,7,core,cat,64,2,64,320,,65,85,True,0.08612715407428277,0.04499157969184918,0.9911764705882353,0.08612715407428277,0.9651162790697675,0.04424746905295174,0.986013986013986,0.9850104821802935,0.9850104821802935,10.64190739998594,340,86,143,30,2,6,6526,,,,,,,,,
breast_cancer,CAT64-Momentum,8,core,cat,64,2,64,320,,53,73,True,0.037979192866050115,0.042448364029447995,0.9882352941176471,0.037979192866050115,0.9767441860465116,0.0647370296468819,0.965034965034965,0.960587002096436,0.9623783214943435,9.013453200052027,340,86,143,30,2,6,6526,,,,,,,,,
breast_cancer,CAT64-MWBP,1,core,cat,64,2,64,320,,22,42,True,0.06541242558584714,0.04802608707184945,0.9911764705882353,0.06541242558584714,0.9767441860465116,0.09584867141929797,0.958041958041958,0.9550314465408805,0.9550314465408805,5.092962199996691,340,86,143,30,2,6,6526,,,,0.007697525760868615,1.310920447362876,0.18634872935396565,-0.23584193965008313,1.1593203242997356,3.0530155624235835
breast_cancer,CAT64-MWBP,2,core,cat,64,2,64,320,,23,43,True,0.07182240977270206,0.043216237322259626,0.9882352941176471,0.07182240977270206,0.9883720930232558,0.11473499143367204,0.965034965034965,0.9567085953878407,0.9620669531540135,5.157502400048543,340,86,143,30,2,6,6526,,,,0.025667888479960134,1.2925161638114422,0.1854409890051368,-0.23577425767550006,1.1525703121813957,3.0364092693084617
breast_cancer,CAT64-MWBP,0,core,cat,64,2,64,320,,43,63,True,0.046982840463841914,0.04149600341017301,0.9911764705882353,0.046982840463841914,0.9883720930232558,0.12036093602019712,0.9440559440559441,0.9361635220125786,0.9395604395604396,7.605768099951092,340,86,143,30,2,6,6526,,,,0.006971306615289871,1.272804054833839,0.18692340446141117,-0.2358470496086254,1.1485696881570473,3.026883039503221
breast_cancer,CAT64-MWBP,3,core,cat,64,2,64,320,,41,61,True,0.024717601829487817,0.05200398027677624,0.9911764705882353,0.024717601829487817,0.9883720930232558,0.048933598851044785,0.986013986013986,0.9850104821802935,0.9850104821802935,7.4341372000053525,340,86,143,30,2,6,6526,,,,0.1978510044200295,0.7858449775699698,0.14538937760828677,-0.23567747553512813,0.8529468557514082,2.389058762204469
breast_cancer,CAT64-MWBP,4,core,cat,64,2,64,320,,39,59,True,0.04891958451392224,0.03764157427251485,0.9941176470588236,0.04891958451392224,0.9651162790697675,0.1073962928883839,0.972027972027972,0.9661425576519916,0.9697802197802198,6.499297200003639,340,86,143,30,2,6,6526,,,,0.0022251772283686925,1.338013207790918,0.18888929432859763,-0.23586009292416726,1.1710474491490452,3.0818375728965655
breast_cancer,CAT64-MWBP,5,core,cat,64,2,64,320,,30,50,True,0.10752800342368657,0.0409909780137692,0.9941176470588236,0.10752800342368657,0.9767441860465116,0.05775433908664556,0.972027972027972,0.9777777777777779,0.9704545454545455,5.619977900001686,340,86,143,30,2,6,6526,,,,0.0017940136208412906,1.3249009032628856,0.18672909123626674,-0.23582489438418716,1.164603803653797,3.0659055011453553
breast_cancer,CAT64-MWBP,9,core,cat,64,2,64,320,,22,42,True,0.06903498679945169,0.06680238397911219,0.9882352941176471,0.06903498679945169,0.9651162790697675,0.06275668878628274,0.986013986013986,0.9850104821802935,0.9850104821802935,4.461856400012039,340,86,143,30,2,6,6526,,,,0.021827397892740515,1.2531345491527504,0.18487436599516036,-0.2358482195967138,1.1373098112425577,2.999742419068545
breast_cancer,CAT64-MWBP,6,core,cat,64,2,64,320,,71,91,True,0.057686145176087736,0.024352575349608947,0.9941176470588236,0.057686145176087736,0.9883720930232558,0.053130649888231775,0.986013986013986,0.9850104821802935,0.9850104821802935,10.473406500008423,340,86,143,30,2,6,6526,,,,0.03993161196085198,1.165574528818755,0.1682574802645707,-0.23572657867964458,1.0932908881400398,2.895662632560091
breast_cancer,CAT64-MWBP,8,core,cat,64,2,64,320,,53,73,True,0.037690533678221325,0.044275406587521424,0.9882352941176471,0.037690533678221325,0.9883720930232558,0.06439913217951382,0.958041958041958,0.9550314465408805,0.9550314465408805,8.080842600029428,340,86,143,30,2,6,6526,,,,0.0033925352017716683,1.3053289332135782,0.18802297238988958,-0.23584841813913318,1.1603247089211135,3.055485505644864
breast_cancer,CAT64-MWBP,7,core,cat,64,2,64,320,,65,85,True,0.08639043708077873,0.04515617247692888,0.9911764705882353,0.08639043708077873,0.9651162790697675,0.04456231709999412,0.986013986013986,0.9850104821802935,0.9850104821802935,9.838402599969413,340,86,143,30,2,6,6526,,,,0.118918215475084,0.7577656293901274,0.13637744376663932,-0.23579638897229196,0.8770348661396055,2.4357750561196556
breast_cancer,CAT64-MWBP-local,1,core,cat,64,2,64,320,,22,42,True,0.06526433087930446,0.04823148060793008,0.9911764705882353,0.06526433087930446,0.9767441860465116,0.09569978696189713,0.958041958041958,0.9550314465408805,0.9550314465408805,5.42410890001338,340,86,143,30,2,6,6526,,,,0.08353555265121027,2.8695917736780276,2.8695917736780276,-0.5999200671360189,1.9999999999999996,8.003957074561676
breast_cancer,CAT64-MWBP-local,0,core,cat,64,2,64,320,,43,63,True,0.04717561769048234,0.04210142551725596,0.9911764705882353,0.04717561769048234,0.9883720930232558,0.12091279471479785,0.9440559440559441,0.9361635220125786,0.9395604395604396,7.890079899982084,340,86,143,30,2,6,6526,,,,0.08297033468675616,2.8364995723825723,2.8364995723825723,-0.5999270369137023,1.9999999999999984,8.004001703327207
breast_cancer,CAT64-MWBP-local,2,core,cat,64,2,64,320,,23,43,True,0.07192079861616134,0.043428821600010215,0.9882352941176471,0.07192079861616134,0.9883720930232558,0.11463366640905165,0.965034965034965,0.9567085953878407,0.9620669531540135,5.722398199955933,340,86,143,30,2,6,6526,,,,0.08989826408607691,2.851964508256844,2.851964508256844,-0.599709363200887,1.9999999999999987,8.002608016063848
breast_cancer,CAT64-MWBP-local,3,core,cat,64,2,64,320,,41,61,True,0.024816976676360552,0.05216195050118334,0.9911764705882353,0.024816976676360552,0.9883720930232558,0.04901827788657833,0.986013986013986,0.9850104821802935,0.9850104821802935,8.310213099990506,340,86,143,30,2,6,6526,,,,0.3474759578330599,2.3259618330357634,2.3259618330357634,-0.5993473597654159,1.8188893037752185,6.92120114775758
breast_cancer,CAT64-MWBP-local,5,core,cat,64,2,64,320,,30,50,True,0.10747551002198252,0.0412209604309501,0.9941176470588236,0.10747551002198252,0.9767441860465116,0.057971116808461,0.972027972027972,0.9777777777777779,0.9704545454545455,6.371753600018565,340,86,143,30,2,6,6526,,,,0.07136223153847687,2.878021689272251,2.878021689272251,-0.599880986939405,2.0000000000000018,8.003706841500444
breast_cancer,CAT64-MWBP-local,4,core,cat,64,2,64,320,,39,59,True,0.04918766911447039,0.03810257745657944,0.9941176470588236,0.04918766911447039,0.9651162790697675,0.1071282011669336,0.972027972027972,0.9661425576519916,0.9697802197802198,7.638665000034962,340,86,143,30,2,6,6526,,,,0.07321518947829005,2.886272669927317,2.886272669927317,-0.5999807397715223,1.9999999999999996,8.004345580926419
breast_cancer,CAT64-MWBP-local,9,core,cat,64,2,64,320,,22,42,True,0.06891146739738097,0.06705809739556208,0.9882352941176471,0.06891146739738097,0.9651162790697675,0.06292170717540761,0.9790209790209791,0.9794549266247379,0.9776014201430585,4.922838900005445,340,86,143,30,2,6,6526,,,,0.10579117889044745,2.8297658959170056,2.8297658959170056,-0.599942768728232,2.0000000000000018,8.004102437937359
breast_cancer,CAT64-MWBP-local,6,core,cat,64,2,64,320,,71,91,True,0.057691371115955285,0.024437819288433957,0.9941176470588236,0.057691371115955285,0.9883720930232558,0.05312062037610405,0.986013986013986,0.9850104821802935,0.9850104821802935,11.038832599995658,340,86,143,30,2,6,6526,,,,0.06194602618665697,2.773271382168401,2.773271382168401,-0.599591244785223,1.9999999999999987,8.001851847487355
breast_cancer,CAT64-MWBP-local,7,core,cat,64,2,64,320,,65,85,True,0.08646785595386307,0.04520831242121185,0.9911764705882353,0.08646785595386307,0.9651162790697675,0.04465280424279898,0.986013986013986,0.9850104821802935,0.9850104821802935,10.205459899967536,340,86,143,30,2,6,6526,,,,0.201989829688877,2.5240859563304245,2.5240859563304245,-0.5997944853808983,1.8902122556745304,7.330219001284117
breast_cancer,CAT64-MWBP-local,8,core,cat,64,2,64,320,,53,73,True,0.03764958982066033,0.04486901136327782,0.9882352941176471,0.03764958982066033,0.9883720930232558,0.06435950594753385,0.958041958041958,0.9550314465408805,0.9550314465408805,8.626770599978045,340,86,143,30,2,6,6526,,,,0.07332063815334397,2.8619372666086673,2.8619372666086673,-0.5999448141736116,1.9999999999999996,8.004115535511536
breast_cancer,CAT64-MWBP-local-EM,1,core,cat,64,2,64,320,,22,42,True,0.06530504901386844,0.0482169870651879,0.9911764705882353,0.06530504901386844,0.9767441860465116,0.09569661780004524,0.958041958041958,0.9550314465408805,0.9550314465408805,5.090057200053707,340,86,143,30,2,6,6526,2.23717529296875,0.274735691181732,0.2748014215067764,0.013121043482879907,2.4830705851353705,2.4830705851353705,-0.4473743385761623,1.9999999999999998,7.08443037273403
breast_cancer,CAT64-MWBP-local-EM,0,core,cat,64,2,64,320,,43,63,True,0.047218751933147736,0.04206514592596005,0.9911764705882353,0.047218751933147736,0.9883720930232558,0.12082985790485667,0.9440559440559441,0.9361635220125786,0.9395604395604396,7.554118599975482,340,86,143,30,2,6,6526,2.23717529296875,0.2747264964692138,0.27467656311941496,0.01244594568869378,2.4642475040253515,2.4642475040253515,-0.4473800321878755,2.0,7.084462641604121
breast_cancer,CAT64-MWBP-local-EM,2,core,cat,64,2,64,320,,23,43,True,0.07191419761763798,0.04341033547807727,0.9882352941176471,0.07191419761763798,0.9883720930232558,0.1146383277841366,0.965034965034965,0.9567085953878407,0.9620669531540135,5.182461199990939,340,86,143,30,2,6,6526,2.24008544921875,0.26431586581721617,0.264308678001932,0.016395195044548103,2.4733785176920122,2.4733785176920122,-0.4477960501331867,2.000000000000001,7.086820844877748
breast_cancer,CAT64-MWBP-local-EM,3,core,cat,64,2,64,320,,41,61,True,0.024816109504162086,0.05215265725250983,0.9911764705882353,0.024816109504162086,0.9883720930232558,0.04902569704803194,0.986013986013986,0.9850104821802935,0.9850104821802935,7.442769299959764,340,86,143,30,2,6,6526,2.24008544921875,0.2683411634854934,0.26840770189960717,0.19192919567322497,1.7137710657504204,1.7137710657504204,-0.44751816372297853,1.6382067229041537,5.304629390981739
breast_cancer,CAT64-MWBP-local-EM,4,core,cat,64,2,64,320,,39,59,True,0.049189694062235036,0.038076661838853366,0.9941176470588236,0.049189694062235036,0.9651162790697675,0.10714077560166131,0.972027972027972,0.9661425576519916,0.9697802197802198,7.264675500045996,340,86,143,30,2,6,6526,2.23717529296875,0.2742085198405252,0.27413769027615054,0.004123427094273424,2.492652410120833,2.492652410120833,-0.4474196306722072,2.0000000000000004,7.084687072345283
breast_cancer,CAT64-MWBP-local-EM,5,core,cat,64,2,64,320,,30,50,True,0.1074631039325879,0.04120406427195135,0.9941176470588236,0.1074631039325879,0.9767441860465116,0.05794572981045911,0.972027972027972,0.9777777777777779,0.9704545454545455,6.411436500027776,340,86,143,30,2,6,6526,2.24154052734375,0.26832712420661037,0.26841051986226716,0.004320269987887574,2.4898805826330137,2.4898805826330137,-0.4482167193275801,1.9999999999999987,7.08920621200791
breast_cancer,CAT64-MWBP-local-EM,6,core,cat,64,2,64,320,,71,91,True,0.0576961610000799,0.0244181810742554,0.9941176470588236,0.0576961610000799,0.9883720930232558,0.05312468296369607,0.986013986013986,0.9850104821802935,0.9850104821802935,11.657707300037146,340,86,143,30,2,6,6526,2.2393579101562495,0.2687015995134499,0.2686947592207387,0.005605970927170042,2.4259725388662536,2.4259725388662536,-0.4475298932668653,1.9999999999999987,7.085312040692269
breast_cancer,CAT64-MWBP-local-EM,9,core,cat,64,2,64,320,,22,42,True,0.06895119907963074,0.06704104576122287,0.9882352941176471,0.06895119907963074,0.9651162790697675,0.06292134667659048,0.9790209790209791,0.9794549266247379,0.9776014201430585,5.981843599991407,340,86,143,30,2,6,6526,2.24299560546875,0.263299982436613,0.2633291342628734,0.03120675545502039,2.4626219269900482,2.4626219269900482,-0.44855359844236153,2.0000000000000004,7.091117033893311
anisotropic,BP-Momentum,0,core,bp,0,0,0,0,,58,78,True,0.45382744006497355,0.3716300078211842,0.84375,0.45382744006497355,0.7875,0.46578688178273014,0.7725,0.7706242472902449,0.7711253214620313,1.3007174000376835,960,240,400,20,2,6,6154,,,,,,,,,
anisotropic,BP-Momentum,1,core,bp,0,0,0,0,,65,85,True,0.3225709086107944,0.23762358089708424,0.8927083333333333,0.3225709086107944,0.8583333333333333,0.3358568196277774,0.8475,0.847842401500938,0.8474914213924534,1.4300830999854952,960,240,400,20,2,6,6154,,,,,,,,,
breast_cancer,CAT64-MWBP-local-EM,7,core,cat,64,2,64,320,,65,85,True,0.08643985840880775,0.045195549038931866,0.9911764705882353,0.08643985840880775,0.9651162790697675,0.04463202831471698,0.986013986013986,0.9850104821802935,0.9850104821802935,10.984993599995505,340,86,143,30,2,6,6526,2.23717529296875,0.2739677149638464,0.27391421606874006,0.09666888662044344,1.5361428405651194,1.5361428405651194,-0.4472792698995016,1.4981063385970281,4.741286378689969
anisotropic,BP-Momentum,2,core,bp,0,0,0,0,,64,84,True,0.4889662378362978,0.2968116551160168,0.8739583333333333,0.4889662378362978,0.7708333333333334,0.46926375642520685,0.7625,0.7634553821528611,0.7622488753746144,1.3398462000186555,960,240,400,20,2,6,6154,,,,,,,,,
breast_cancer,CAT64-MWBP-local-EM,8,core,cat,64,2,64,320,,53,73,True,0.037691896084588845,0.04479032423185969,0.9882352941176471,0.037691896084588845,0.9883720930232558,0.06438147607610445,0.958041958041958,0.9550314465408805,0.9550314465408805,9.865032200003043,340,86,143,30,2,6,6526,2.2386303710937496,0.2735483173936499,0.27360764823222333,0.00444408417681032,2.477957507857532,2.477957507857532,-0.44768204641042414,2.0,7.0861745351837815
anisotropic,BP-Momentum,3,core,bp,0,0,0,0,,82,102,True,0.26526815977727075,0.10894068717815861,0.9583333333333334,0.26526815977727075,0.9041666666666667,0.31968040034967227,0.845,0.845,0.8447516025641025,1.7951417999574915,960,240,400,20,2,6,6154,,,,,,,,,
anisotropic,BP-Momentum,4,core,bp,0,0,0,0,,77,97,True,0.26319890436325555,0.20179763257827746,0.9125,0.26319890436325555,0.8916666666666667,0.317161011102138,0.8675,0.8665865384615384,0.8670604686745553,1.7734323000186123,960,240,400,20,2,6,6154,,,,,,,,,
anisotropic,BP-Momentum,5,core,bp,0,0,0,0,,45,65,True,0.3704505899762074,0.22129463097916346,0.9072916666666667,0.3704505899762074,0.8333333333333334,0.4020498874495468,0.82,0.8207096596734266,0.8197792295562063,1.154026200005319,960,240,400,20,2,6,6154,,,,,,,,,
anisotropic,BP-Momentum,6,core,bp,0,0,0,0,,48,68,True,0.4547583227986799,0.35789099272092767,0.8552083333333333,0.4547583227986799,0.7791666666666667,0.5110826218855383,0.7675,0.7684165749174257,0.767486921139314,1.1956854999880306,960,240,400,20,2,6,6154,,,,,,,,,
anisotropic,BP-Momentum,7,core,bp,0,0,0,0,,32,52,True,0.3379249008016197,0.24100932937723585,0.8979166666666667,0.3379249008016197,0.8416666666666667,0.36204703693721946,0.81,0.8087126921917396,0.8089252042740415,1.0090380000183359,960,240,400,20,2,6,6154,,,,,,,,,
anisotropic,BP-Momentum,9,core,bp,0,0,0,0,,24,44,True,0.43623916304915566,0.4334595951273799,0.79375,0.43623916304915566,0.8,0.47308759091270075,0.7775,0.7775027502750276,0.7774874836709564,0.8787442999891937,960,240,400,20,2,6,6154,,,,,,,,,
anisotropic,BP-Momentum,8,core,bp,0,0,0,0,,38,58,True,0.3637322078156546,0.36827875584419206,0.8333333333333334,0.3637322078156546,0.8291666666666667,0.43981753432747484,0.7825,0.7825532553255325,0.7824986406165038,1.1550383000285365,960,240,400,20,2,6,6154,,,,,,,,,
anisotropic,BP-Adam,0,core,bp,0,0,0,0,,20,40,True,0.49374910340754175,0.3868568681856302,0.821875,0.49374910340754175,0.7541666666666667,0.5259927383105893,0.735,0.7298273785628262,0.7304445122571457,0.8283851000014693,960,240,400,20,2,6,6154,,,,,,,,,
anisotropic,BP-Adam,1,core,bp,0,0,0,0,,21,41,True,0.35861205941701135,0.29570226600729393,0.8697916666666666,0.35861205941701135,0.8291666666666667,0.3744987002577861,0.835,0.8355222013758599,0.835,0.8678327999659814,960,240,400,20,2,6,6154,,,,,,,,,
anisotropic,BP-Adam,2,core,bp,0,0,0,0,,9,29,True,0.5636894847868265,0.4813110217517329,0.7645833333333333,0.5636894847868265,0.7333333333333333,0.5592789219756581,0.72,0.7197879151660664,0.7198248905565978,0.6380319999880157,960,240,400,20,2,6,6154,,,,,,,,,
anisotropic,BP-Adam,3,core,bp,0,0,0,0,,21,41,True,0.2922666368241209,0.1852179808956501,0.928125,0.2922666368241209,0.8625,0.34495924211668433,0.8425,0.8425,0.8424517508486974,0.9306813000002876,960,240,400,20,2,6,6154,,,,,,,,,
anisotropic,BP-Adam,4,core,bp,0,0,0,0,,24,44,True,0.3088150081777977,0.2010297948726326,0.915625,0.3088150081777977,0.8666666666666667,0.35094139719256323,0.8575,0.8561698717948718,0.8568477626184302,0.9202732000267133,960,240,400,20,2,6,6154,,,,,,,,,
anisotropic,BP-Adam,6,core,bp,0,0,0,0,,19,39,True,0.47861861426381774,0.37122946809631174,0.8447916666666667,0.47861861426381774,0.7458333333333333,0.48785424895285545,0.7525,0.7519017115403863,0.752052144185435,0.8665897999890149,960,240,400,20,2,6,6154,,,,,,,,,
anisotropic,BP-Adam,5,core,bp,0,0,0,0,,30,50,True,0.3925417569119434,0.1793642549121,0.9302083333333333,0.3925417569119434,0.8291666666666667,0.387798830437211,0.83,0.8301867920282063,0.83,1.0472288999590091,960,240,400,20,2,6,6154,,,,,,,,,
anisotropic,BP-Adam,7,core,bp,0,0,0,0,,12,32,True,0.36564400648968537,0.25527544912511524,0.8875,0.36564400648968537,0.8291666666666667,0.3747691635701381,0.805,0.8050949653301176,0.8044083352140223,0.684624400048051,960,240,400,20,2,6,6154,,,,,,,,,
anisotropic,BP-Adam,8,core,bp,0,0,0,0,,14,34,True,0.39382735991244233,0.3790712600413809,0.8260416666666667,0.39382735991244233,0.7875,0.4810129013061898,0.785,0.7851285128512852,0.7849946248656217,0.7197184000397101,960,240,400,20,2,6,6154,,,,,,,,,
anisotropic,BP-Adam,9,core,bp,0,0,0,0,,23,43,True,0.45647621920346815,0.35880792773207865,0.8208333333333333,0.45647621920346815,0.7833333333333333,0.512591309544987,0.765,0.764976497649765,0.764976497649765,0.7239970000227913,960,240,400,20,2,6,6154,,,,,,,,,
anisotropic,BP-MWBP,0,core,bp,0,0,0,0,,58,78,True,0.4536600754044409,0.3714184488452446,0.8447916666666667,0.4536600754044409,0.7833333333333333,0.46499105355074205,0.7725,0.7706242472902449,0.7711253214620313,2.9388039999757893,960,240,400,20,2,6,6154,,,,0.3572234667024219,0.36341605391141063,0.08028730887350977,-0.2271842516141106,0.4881762853864092,1.772318239757339
anisotropic,BP-MWBP,2,core,bp,0,0,0,0,,64,84,True,0.48859881065519806,0.2966087500302118,0.8739583333333333,0.48859881065519806,0.7666666666666667,0.46642907838749204,0.77,0.7708083233293317,0.7698561601000625,2.9550080000190064,960,240,400,20,2,6,6154,,,,0.2714908828339465,0.28017494784497327,0.0631474695892943,-0.23076858112149704,0.3690135164286811,1.6157927094891529
anisotropic,BP-MWBP,1,core,bp,0,0,0,0,,65,85,True,0.3225565374470948,0.23771692682163406,0.8927083333333333,0.3225565374470948,0.8583333333333333,0.3357710621114386,0.8475,0.847842401500938,0.8474914213924534,3.444353399972897,960,240,400,20,2,6,6154,,,,0.37982042829984036,0.4791616022545259,0.08714723297382732,-0.23380270650287582,0.5461214946384649,1.8662654732209216
anisotropic,BP-MWBP,3,core,bp,0,0,0,0,,82,102,True,0.26503298489032723,0.10934345471045649,0.959375,0.26503298489032723,0.9041666666666667,0.3194138464513012,0.8475,0.8475,0.8472852448756063,3.8136544000008143,960,240,400,20,2,6,6154,,,,0.15188819163836434,0.447460379315656,0.1113012400584761,-0.2297403617509893,0.692007288039064,2.0904892298084534
anisotropic,BP-MWBP,5,core,bp,0,0,0,0,,45,65,True,0.3699561024347428,0.2218088316073232,0.9072916666666667,0.3699561024347428,0.8333333333333334,0.40122832701281874,0.8175,0.8182466054862344,0.8172429979658895,2.8295054999762215,960,240,400,20,2,6,6154,,,,0.1096316167998905,0.875434079052421,0.1520266371244019,-0.23427955970110834,0.9467671021651461,2.5723948917702786
anisotropic,BP-MWBP,6,core,bp,0,0,0,0,,48,68,True,0.45469415482138337,0.3580263312011869,0.8552083333333333,0.45469415482138337,0.7833333333333333,0.5111133288581603,0.7675,0.7684165749174257,0.767486921139314,3.068358399963472,960,240,400,20,2,6,6154,,,,0.3450094792370836,0.2530756138390907,0.09095830239822865,-0.2184131896594279,0.49935646194211447,1.7757373076688256
anisotropic,BP-MWBP,7,core,bp,0,0,0,0,,32,52,True,0.33797715358449293,0.24112530227031392,0.8989583333333333,0.33797715358449293,0.8416666666666667,0.36161514319349164,0.81,0.8087126921917396,0.8089252042740415,2.345193699991796,960,240,400,20,2,6,6154,,,,0.4889709736949943,0.6474435216212417,0.10769275265782591,-0.23379246799121006,0.7663767920044209,2.225842304934664
anisotropic,BP-MWBP,4,core,bp,0,0,0,0,,77,97,True,0.26278657008950435,0.20119293984567796,0.9135416666666667,0.26278657008950435,0.8916666666666667,0.31614455856610524,0.8675,0.8665865384615384,0.8670604686745553,4.319552899978589,960,240,400,20,2,6,6154,,,,0.2305716134809809,0.40665948972087584,0.10708300622452639,-0.23174560770545752,0.654058483363382,2.0312335586398365
anisotropic,BP-MWBP,8,core,bp,0,0,0,0,,38,58,True,0.36375164052277603,0.36966777614952345,0.8333333333333334,0.36375164052277603,0.8291666666666667,0.4397111020109361,0.7825,0.7825532553255325,0.7824986406165038,2.6116152000031434,960,240,400,20,2,6,6154,,,,0.14482876712339748,0.49409885747765503,0.10270222501614389,-0.2351438119280469,0.6720842060362298,2.066347207402618
anisotropic,BP-MWBP,9,core,bp,0,0,0,0,,24,44,True,0.4362860393858309,0.4339175332930489,0.79375,0.4362860393858309,0.8,0.47328870215804186,0.7775,0.7775027502750276,0.7774874836709564,2.0766197000048123,960,240,400,20,2,6,6154,,,,0.16398831854903576,0.5540569215482021,0.14405786180838193,-0.22988160880294636,0.8022807971860502,2.283546974700259
anisotropic,FA-Momentum,0,core,fa,0,0,0,0,,106,126,True,0.482873644338585,0.3759974129157282,0.8229166666666666,0.482873644338585,0.7708333333333334,0.499167511861118,0.765,0.7626455238859896,0.7632897685779759,2.382633099972736,960,240,400,20,2,6,6154,,,,,,,,,
anisotropic,FA-Momentum,1,core,fa,0,0,0,0,,140,150,False,0.3510651665055827,0.2856316975657618,0.8614583333333333,0.3510651665055827,0.8541666666666666,0.3297607655918785,0.855,0.8546591619762351,0.8548221571424997,2.9512464000144973,960,240,400,20,2,6,6154,,,,,,,,,
anisotropic,FA-Momentum,4,core,fa,0,0,0,0,,31,51,True,0.3315246428224162,0.3391998539572888,0.8604166666666667,0.3315246428224162,0.8708333333333333,0.32066773567122253,0.86,0.858573717948718,0.8593106220480353,1.0663640999700874,960,240,400,20,2,6,6154,,,,,,,,,
anisotropic,FA-Momentum,2,core,fa,0,0,0,0,,70,90,True,0.5240966257793821,0.4189566414154504,0.8010416666666667,0.5240966257793821,0.7166666666666667,0.5552982756404807,0.7375,0.7380452180872349,0.7374589779653071,2.0088042999850586,960,240,400,20,2,6,6154,,,,,,,,,
anisotropic,FA-Momentum,3,core,fa,0,0,0,0,,112,132,True,0.30558528954271463,0.1858728977285482,0.9239583333333333,0.30558528954271463,0.8958333333333334,0.3609906041764512,0.845,0.845,0.8449844984498449,2.756029199983459,960,240,400,20,2,6,6154,,,,,,,,,
anisotropic,FA-Momentum,6,core,fa,0,0,0,0,,102,122,True,0.48505613490894994,0.41139399742501404,0.8239583333333333,0.48505613490894994,0.7583333333333333,0.5161304405347906,0.75,0.7511260134120709,0.7499437373409017,2.028314600000158,960,240,400,20,2,6,6154,,,,,,,,,
anisotropic,FA-Momentum,7,core,fa,0,0,0,0,,76,96,True,0.36623540062119503,0.29041864804790796,0.8583333333333333,0.36623540062119503,0.8375,0.3726123482041085,0.82,0.8222791679228219,0.8198874296435272,1.6883656999561936,960,240,400,20,2,6,6154,,,,,,,,,
anisotropic,FA-Momentum,5,core,fa,0,0,0,0,,139,150,False,0.5160865769898413,0.2844091691040957,0.8791666666666667,0.5160865769898413,0.7708333333333334,0.45891896010756994,0.8175,0.8174214198194594,0.8174440922532525,2.5408169999718666,960,240,400,20,2,6,6154,,,,,,,,,
anisotropic,FA-Momentum,8,core,fa,0,0,0,0,,70,90,True,0.37837834629391615,0.4330562672125064,0.8,0.37837834629391615,0.8166666666666667,0.464002368934852,0.7975,0.7976047604760477,0.7974987343670898,1.4240420999703929,960,240,400,20,2,6,6154,,,,,,,,,
anisotropic,FA-Momentum,9,core,fa,0,0,0,0,,56,76,True,0.4456523691617048,0.4398584116420386,0.796875,0.4456523691617048,0.7791666666666667,0.4954811760574384,0.775,0.774977497749775,0.774977497749775,1.3043617000221275,960,240,400,20,2,6,6154,,,,,,,,,
anisotropic,DFA-Momentum,2,core,dfa,0,0,0,0,,66,86,True,0.48966871774081594,0.3903337635752796,0.8145833333333333,0.48966871774081594,0.775,0.4969476802200626,0.7525,0.7524509803921569,0.7524241799050959,1.4634439999936149,960,240,400,20,2,6,6154,,,,,,,,,
anisotropic,DFA-Momentum,1,core,dfa,0,0,0,0,,111,131,True,0.2985545621027992,0.2602441533674416,0.8864583333333333,0.2985545621027992,0.85,0.3621091048671582,0.845,0.8446529080675422,0.8448098921178444,1.8384747000527568,960,240,400,20,2,6,6154,,,,,,,,,
anisotropic,DFA-Momentum,0,core,dfa,0,0,0,0,,131,150,False,0.43534428345389853,0.3342085796860785,0.8541666666666666,0.43534428345389853,0.8041666666666667,0.48983283731898214,0.7775,0.7735347250100362,0.7746478873239437,2.405834799981676,960,240,400,20,2,6,6154,,,,,,,,,
anisotropic,DFA-Momentum,3,core,dfa,0,0,0,0,,81,101,True,0.28436985383303587,0.20986378344888543,0.9177083333333333,0.28436985383303587,0.9,0.3504187296740474,0.8475,0.8474999999999999,0.8474227577711216,1.6463654999970458,960,240,400,20,2,6,6154,,,,,,,,,
anisotropic,DFA-Momentum,5,core,dfa,0,0,0,0,,57,77,True,0.4479962741492731,0.2785842250306042,0.8895833333333333,0.4479962741492731,0.8208333333333333,0.4333509092221334,0.8025,0.803093195969093,0.8023505275864873,1.248366400017403,960,240,400,20,2,6,6154,,,,,,,,,
anisotropic,DFA-Momentum,4,core,dfa,0,0,0,0,,112,132,True,0.30849565451744226,0.2333195597716267,0.9010416666666666,0.30849565451744226,0.8791666666666667,0.288233794690008,0.8775,0.8766025641025641,0.8770936408500605,2.0784267999697477,960,240,400,20,2,6,6154,,,,,,,,,
anisotropic,DFA-Momentum,6,core,dfa,0,0,0,0,,105,125,True,0.47795875256724685,0.3566060193762554,0.8552083333333333,0.47795875256724685,0.7625,0.5183942506901328,0.7725,0.7735712140926834,0.7724644475699328,1.87858200003393,960,240,400,20,2,6,6154,,,,,,,,,
anisotropic,DFA-Momentum,7,core,dfa,0,0,0,0,,72,92,True,0.38573742264664046,0.27728832418147,0.8697916666666666,0.38573742264664046,0.8333333333333334,0.383005532047348,0.8225,0.8232087227414331,0.8220986099887873,1.4603327000513673,960,240,400,20,2,6,6154,,,,,,,,,
anisotropic,DFA-Momentum,8,core,dfa,0,0,0,0,,57,77,True,0.40358241009505136,0.393628587792702,0.81875,0.40358241009505136,0.7916666666666666,0.4756331563661634,0.7875,0.7873037303730372,0.7873391752512837,1.2713443000102416,960,240,400,20,2,6,6154,,,,,,,,,
anisotropic,DFA-Momentum,9,core,dfa,0,0,0,0,,54,74,True,0.44148467137214115,0.46666203104964743,0.778125,0.44148467137214115,0.8125,0.49162013230469176,0.7575,0.7573507350735074,0.7573771721934228,1.2868152000010014,960,240,400,20,2,6,6154,,,,,,,,,
anisotropic,LocalHead-Momentum,0,core,localhead,0,0,0,0,,149,150,False,0.5064233802622964,0.480257441797607,0.7583333333333333,0.5064233802622964,0.7541666666666667,0.5588298314496968,0.725,0.7231031714171017,0.7234443746071653,2.749046799959615,960,240,400,20,2,6,6154,,,,,,,,,
anisotropic,LocalHead-Momentum,1,core,localhead,0,0,0,0,,147,150,False,0.44325483860686515,0.39022373508234764,0.8208333333333333,0.44325483860686515,0.775,0.3695587617021863,0.845,0.8445278298936836,0.8447516025641025,2.9370026999968104,960,240,400,20,2,6,6154,,,,,,,,,
anisotropic,LocalHead-Momentum,2,core,localhead,0,0,0,0,,146,150,False,0.5785283706255387,0.5004151862556607,0.75625,0.5785283706255387,0.7208333333333333,0.5502405891191031,0.7325,0.7322428971588635,0.7322975500222042,2.8411534000188112,960,240,400,20,2,6,6154,,,,,,,,,
anisotropic,LocalHead-Momentum,3,core,localhead,0,0,0,0,,148,150,False,0.3299997993253134,0.30840729670952727,0.8760416666666667,0.3299997993253134,0.875,0.3580105239631286,0.835,0.835,0.8349628666449951,3.173511300003156,960,240,400,20,2,6,6154,,,,,,,,,
anisotropic,LocalHead-Momentum,4,core,localhead,0,0,0,0,,146,150,False,0.34323320256315293,0.32575585606132024,0.8645833333333334,0.34323320256315293,0.8708333333333333,0.3380312785392015,0.8525,0.8527644230769231,0.8523883687038323,3.226140499988105,960,240,400,20,2,6,6154,,,,,,,,,
anisotropic,LocalHead-Momentum,5,core,localhead,0,0,0,0,,150,150,False,0.5605465615511936,0.4144001372950953,0.8197916666666667,0.5605465615511936,0.7125,0.5491720782263204,0.7325,0.7333024930609386,0.7320159538165812,3.197630400012713,960,240,400,20,2,6,6154,,,,,,,,,
anisotropic,LocalHead-Momentum,6,core,localhead,0,0,0,0,,147,150,False,0.49912677572120745,0.4378276682535431,0.8020833333333334,0.49912677572120745,0.75,0.5003155823843852,0.75,0.7503753378040237,0.74997499749975,3.2223912000190467,960,240,400,20,2,6,6154,,,,,,,,,
anisotropic,LocalHead-Momentum,7,core,localhead,0,0,0,0,,149,150,False,0.38776200943717076,0.33045942720196897,0.8427083333333333,0.38776200943717076,0.825,0.38297632638738677,0.8075,0.8084865842628881,0.8071516676997827,3.1506791000138037,960,240,400,20,2,6,6154,,,,,,,,,
anisotropic,LocalHead-Momentum,8,core,localhead,0,0,0,0,,143,150,False,0.3841640287361023,0.4321656266722312,0.796875,0.3841640287361023,0.825,0.44672103675787184,0.805,0.8048804880488049,0.804921968787515,2.865523000014946,960,240,400,20,2,6,6154,,,,,,,,,
anisotropic,LocalHead-Momentum,9,core,localhead,0,0,0,0,,149,150,False,0.4544763802767723,0.464036176101656,0.7614583333333333,0.4544763802767723,0.7833333333333333,0.49275867715295313,0.7825,0.7825532553255325,0.7824986406165038,2.9755857000127435,960,240,400,20,2,6,6154,,,,,,,,,
anisotropic,AR64-Momentum,0,core,ar,64,1,64,320,0.16,58,78,True,0.45333059881793514,0.37154035004884695,0.8447916666666667,0.45333059881793514,0.7833333333333333,0.46515079361179174,0.77,0.7679646728221599,0.7685185185185186,18.259349500003736,960,240,400,20,2,6,6154,,,,,,,,,
anisotropic,AR64-Momentum,1,core,ar,64,1,64,320,0.16,65,85,True,0.3226360319254716,0.2379878221442434,0.8927083333333333,0.3226360319254716,0.8583333333333333,0.3357624742583074,0.8475,0.847842401500938,0.8474914213924534,20.402806299971417,960,240,400,20,2,6,6154,,,,,,,,,
anisotropic,AR64-Momentum,2,core,ar,64,1,64,320,0.16,64,84,True,0.48878965124495294,0.296843750271292,0.8729166666666667,0.48878965124495294,0.7708333333333334,0.4682471407330997,0.76,0.7609043617446979,0.7597838054248824,20.281478699995205,960,240,400,20,2,6,6154,,,,,,,,,
anisotropic,AR64-Momentum,3,core,ar,64,1,64,320,0.16,82,102,True,0.26479874456707575,0.10953080269838358,0.9572916666666667,0.26479874456707575,0.9,0.31937903667217016,0.85,0.8500000000000001,0.8497596153846154,23.689561300037894,960,240,400,20,2,6,6154,,,,,,,,,
anisotropic,AR64-Momentum,5,core,ar,64,1,64,320,0.16,45,65,True,0.3706592448771814,0.22184983833648084,0.9083333333333333,0.3706592448771814,0.8333333333333334,0.40271990611257513,0.8175,0.8182466054862344,0.8172429979658895,15.97749499999918,960,240,400,20,2,6,6154,,,,,,,,,
anisotropic,AR64-Momentum,6,core,ar,64,1,64,320,0.16,48,68,True,0.454809425460648,0.3584198230470407,0.8552083333333333,0.454809425460648,0.7833333333333333,0.511408848040495,0.77,0.7709938945050545,0.7699769976997699,16.275357400008943,960,240,400,20,2,6,6154,,,,,,,,,
anisotropic,AR64-Momentum,7,core,ar,64,1,64,320,0.16,32,52,True,0.3380630615946972,0.24124250233071942,0.8989583333333333,0.3380630615946972,0.8416666666666667,0.3621827480998893,0.81,0.8087126921917396,0.8089252042740415,13.110657300043385,960,240,400,20,2,6,6154,,,,,,,,,
anisotropic,AR64-Momentum,4,core,ar,64,1,64,320,0.16,77,97,True,0.2633776769818084,0.2027359225525632,0.9125,0.2633776769818084,0.8916666666666667,0.31711273651000493,0.8675,0.8665865384615384,0.8670604686745553,22.83212989999447,960,240,400,20,2,6,6154,,,,,,,,,
anisotropic,AR64-Momentum,9,core,ar,64,1,64,320,0.16,24,44,True,0.43615898671366066,0.4337289333467451,0.7947916666666667,0.43615898671366066,0.8,0.47316046211761703,0.7775,0.7775027502750276,0.7774874836709564,10.903626399987843,960,240,400,20,2,6,6154,,,,,,,,,
anisotropic,AR64-Momentum,8,core,ar,64,1,64,320,0.16,38,58,True,0.36361493190491767,0.36897260101185503,0.8333333333333334,0.36361493190491767,0.8291666666666667,0.439836705041551,0.7825,0.7825532553255325,0.7824986406165038,14.43174500000896,960,240,400,20,2,6,6154,,,,,,,,,
anisotropic,CAT40-Momentum,0,core,cat,40,2,40,200,,58,78,True,0.44906827933640897,0.3708301893863908,0.8447916666666667,0.44906827933640897,0.7791666666666667,0.4580172955938556,0.775,0.7729827378562826,0.7735507246376812,15.953595399972983,960,240,400,20,2,6,6154,,,,,,,,,
anisotropic,CAT40-Momentum,1,core,cat,40,2,40,200,,65,85,True,0.323617170754657,0.24248040588727066,0.8885416666666667,0.323617170754657,0.85,0.334699010028268,0.85,0.8504065040650406,0.8499962499062477,17.65506560000358,960,240,400,20,2,6,6154,,,,,,,,,
anisotropic,CAT40-Momentum,2,core,cat,40,2,40,200,,57,77,True,0.4854313822371697,0.32767964539104405,0.8635416666666667,0.4854313822371697,0.7875,0.48291043761222807,0.7525,0.7519507803121248,0.752052144185435,15.992694800021127,960,240,400,20,2,6,6154,,,,,,,,,
anisotropic,CAT40-Momentum,5,core,cat,40,2,40,200,,45,65,True,0.37488560140834776,0.22971137484969675,0.903125,0.37488560140834776,0.8291666666666667,0.41262620433363123,0.815,0.8157085344202446,0.8147730970438787,15.048252799955662,960,240,400,20,2,6,6154,,,,,,,,,
anisotropic,CAT40-Momentum,3,core,cat,40,2,40,200,,82,102,True,0.2623783340051711,0.11603050648051884,0.95625,0.2623783340051711,0.8958333333333334,0.31685922404784256,0.8475,0.8475,0.8472240484374902,22.478037199995015,960,240,400,20,2,6,6154,,,,,,,,,
anisotropic,CAT40-Momentum,4,core,cat,40,2,40,200,,73,93,True,0.26531254076607846,0.20226312280430225,0.9197916666666667,0.26531254076607846,0.875,0.3162093431965538,0.8675,0.8669871794871795,0.8672003708367003,20.898759500007145,960,240,400,20,2,6,6154,,,,,,,,,
anisotropic,CAT40-Momentum,6,core,cat,40,2,40,200,,48,68,True,0.4563470455883813,0.3651062623108507,0.846875,0.4563470455883813,0.7833333333333333,0.5161921997288139,0.77,0.7709938945050545,0.7699769976997699,16.67627990001347,960,240,400,20,2,6,6154,,,,,,,,,
anisotropic,CAT40-Momentum,7,core,cat,40,2,40,200,,32,52,True,0.34040008259058746,0.24417260593365242,0.896875,0.34040008259058746,0.8458333333333333,0.3633294045312921,0.8075,0.8063762435936086,0.8064828253507499,12.784572299977299,960,240,400,20,2,6,6154,,,,,,,,,
anisotropic,CAT40-Momentum,9,core,cat,40,2,40,200,,24,44,True,0.4363681861382308,0.4375305236244411,0.7895833333333333,0.4363681861382308,0.7958333333333333,0.4749882009955255,0.7725,0.7726522652265226,0.7724872024051352,10.733681000012439,960,240,400,20,2,6,6154,,,,,,,,,
anisotropic,CAT40-Momentum,8,core,cat,40,2,40,200,,51,71,True,0.3613585940619074,0.34199800631051475,0.8510416666666667,0.3613585940619074,0.8208333333333333,0.45229502303745206,0.7825,0.7827032703270327,0.7824660103141117,16.2446586000151,960,240,400,20,2,6,6154,,,,,,,,,
anisotropic,CAT64-Momentum,0,core,cat,64,2,64,320,,58,78,True,0.45355028773988326,0.37158274238065647,0.84375,0.45355028773988326,0.7875,0.4654386437937274,0.7725,0.7706242472902449,0.7711253214620313,22.88043600000674,960,240,400,20,2,6,6154,,,,,,,,,
anisotropic,CAT64-Momentum,1,core,cat,64,2,64,320,,65,85,True,0.32261142808258036,0.23782627567468015,0.8927083333333333,0.32261142808258036,0.8583333333333333,0.3358095421520768,0.8475,0.847842401500938,0.8474914213924534,25.06830440001795,960,240,400,20,2,6,6154,,,,,,,,,
anisotropic,CAT64-Momentum,2,core,cat,64,2,64,320,,64,84,True,0.48886150877433215,0.29682783995089285,0.8729166666666667,0.48886150877433215,0.7708333333333334,0.4687108543767732,0.76,0.7609043617446979,0.7597838054248824,24.951694999996107,960,240,400,20,2,6,6154,,,,,,,,,
anisotropic,CAT64-Momentum,3,core,cat,64,2,64,320,,82,102,True,0.2649991684799803,0.10927562744147439,0.9583333333333334,0.2649991684799803,0.9,0.31951619533476816,0.85,0.8500000000000001,0.8497596153846154,29.133971000032034,960,240,400,20,2,6,6154,,,,,,,,,
anisotropic,CAT64-Momentum,5,core,cat,64,2,64,320,,45,65,True,0.3705631729176645,0.22160237408883313,0.9072916666666667,0.3705631729176645,0.8333333333333334,0.40242295595377486,0.8175,0.8182466054862344,0.8172429979658895,20.001934400002938,960,240,400,20,2,6,6154,,,,,,,,,
anisotropic,CAT64-Momentum,6,core,cat,64,2,64,320,,48,68,True,0.45478461272809834,0.3581858396616493,0.8552083333333333,0.45478461272809834,0.7833333333333333,0.511262890929512,0.7675,0.7684165749174257,0.767486921139314,21.25284690002445,960,240,400,20,2,6,6154,,,,,,,,,
anisotropic,CAT64-Momentum,4,core,cat,64,2,64,320,,77,97,True,0.2632976243643719,0.20232426852014784,0.9125,0.2632976243643719,0.8916666666666667,0.3171418439061886,0.8675,0.8665865384615384,0.8670604686745553,30.552533100009896,960,240,400,20,2,6,6154,,,,,,,,,
anisotropic,CAT64-Momentum,7,core,cat,64,2,64,320,,32,52,True,0.33800548903979316,0.24114263507557349,0.8979166666666667,0.33800548903979316,0.8416666666666667,0.3621289536783559,0.81,0.8087126921917396,0.8089252042740415,18.131016900006216,960,240,400,20,2,6,6154,,,,,,,,,
anisotropic,CAT64-Momentum,9,core,cat,64,2,64,320,,24,44,True,0.43619253610848674,0.43360661374375936,0.79375,0.43619253610848674,0.8,0.4731256203142894,0.7775,0.7775027502750276,0.7774874836709564,17.296900200017262,960,240,400,20,2,6,6154,,,,,,,,,
anisotropic,CAT64-Momentum,8,core,cat,64,2,64,320,,38,58,True,0.3636664143605163,0.36866396485082004,0.8333333333333334,0.3636664143605163,0.8291666666666667,0.43982977283106117,0.7825,0.7825532553255325,0.7824986406165038,22.39922210003715,960,240,400,20,2,6,6154,,,,,,,,,
anisotropic,CAT64-MWBP,0,core,cat,64,2,64,320,,58,78,True,0.45338485993717176,0.3713725198885774,0.8458333333333333,0.45338485993717176,0.7833333333333333,0.46464239864896806,0.77,0.7679646728221599,0.7685185185185186,27.79559799999697,960,240,400,20,2,6,6154,,,,0.3581802277531251,0.36314890513801307,0.08004249665226333,-0.2272377414535944,0.4870144743359375,1.7707474978966569
anisotropic,CAT64-MWBP,1,core,cat,64,2,64,320,,65,85,True,0.32259753012586967,0.23791965440663945,0.8927083333333333,0.32259753012586967,0.8583333333333333,0.33572375846040997,0.8475,0.847842401500938,0.8474914213924534,29.608031299954746,960,240,400,20,2,6,6154,,,,0.3788729464484193,0.480074450263702,0.08713934384601456,-0.2338069701428011,0.5477027946084341,1.8686342413329164
anisotropic,CAT64-MWBP,2,core,cat,64,2,64,320,,64,84,True,0.48853648033483466,0.2966647767050191,0.8739583333333333,0.48853648033483466,0.7625,0.465926321014291,0.77,0.7708083233293317,0.7698561601000625,27.27910579997115,960,240,400,20,2,6,6154,,,,0.27137463502007836,0.28038006470445204,0.0631844625481812,-0.23081358408242542,0.36965527004614357,1.6166806784122632
anisotropic,CAT64-MWBP,3,core,cat,64,2,64,320,,82,102,True,0.26477200909290144,0.10967885246002938,0.959375,0.26477200909290144,0.9,0.31925313357048235,0.85,0.8500000000000001,0.8497596153846154,31.780556400015485,960,240,400,20,2,6,6154,,,,0.15051100383958632,0.44911134139523545,0.11197371454205893,-0.22977308507128813,0.694873205009073,2.0953425158522023
anisotropic,CAT64-MWBP,5,core,cat,64,2,64,320,,45,65,True,0.3700762117775514,0.22211093783245892,0.9072916666666667,0.3700762117775514,0.8333333333333334,0.4015940881964427,0.8175,0.8182466054862344,0.8172429979658895,19.988132399972528,960,240,400,20,2,6,6154,,,,0.10936041615220922,0.8769038490041804,0.15219288900354913,-0.2342757565338846,0.9478966672382177,2.5747126586558458
anisotropic,CAT64-MWBP,4,core,cat,64,2,64,320,,77,97,True,0.26290251921745617,0.2017320516844365,0.9135416666666667,0.26290251921745617,0.8916666666666667,0.3161338285144393,0.8675,0.8665865384615384,0.8670604686745553,30.27260029996978,960,240,400,20,2,6,6154,,,,0.2293913827675073,0.40762486419688276,0.10691089537305988,-0.2317516268509278,0.6543427996651743,2.0317054047181657
anisotropic,CAT64-MWBP,6,core,cat,64,2,64,320,,48,68,True,0.4547232506102085,0.3583229550232365,0.8552083333333333,0.4547232506102085,0.7833333333333333,0.5112969649515673,0.77,0.7709938945050545,0.7699769976997699,20.83778699999675,960,240,400,20,2,6,6154,,,,0.3448155778391666,0.2551499200676522,0.09106000984043468,-0.21848423558938873,0.5017848092712487,1.7792914724722686
anisotropic,CAT64-MWBP,7,core,cat,64,2,64,320,,32,52,True,0.3380631541907826,0.241258921718195,0.8989583333333333,0.3380631541907826,0.8416666666666667,0.3616916252578976,0.81,0.8087126921917396,0.8089252042740415,16.059669699985534,960,240,400,20,2,6,6154,,,,0.4882971020801055,0.6503035254966598,0.10801390376330813,-0.23377656051845286,0.7683228921933414,2.229282003647203
anisotropic,CAT64-MWBP,8,core,cat,64,2,64,320,,38,58,True,0.3636771012634089,0.37002603912986665,0.8322916666666667,0.3636771012634089,0.8291666666666667,0.4397064162433412,0.7825,0.7825532553255325,0.7824986406165038,17.789214999997057,960,240,400,20,2,6,6154,,,,0.1433250474072214,0.49000996076561865,0.10107113188772458,-0.2351301710361748,0.6680268429567864,2.0596284679972507
anisotropic,CAT64-MWBP,9,core,cat,64,2,64,320,,24,44,True,0.43624973624681307,0.43407082673173497,0.79375,0.43624973624681307,0.8,0.4733328875669127,0.7775,0.7775027502750276,0.7774874836709564,13.55673500004923,960,240,400,20,2,6,6154,,,,0.16407983714679775,0.5530407877807044,0.14399961715186846,-0.2298809361758397,0.8014976342355477,2.2821154832791986
anisotropic,CAT64-MWBP-local,0,core,cat,64,2,64,320,,58,78,True,0.45336398276006096,0.37133701516780065,0.8458333333333333,0.45336398276006096,0.7833333333333333,0.46437952395467674,0.77,0.7679646728221599,0.7685185185185186,28.003803099971265,960,240,400,20,2,6,6154,,,,0.4503607998291052,1.3018942022239954,1.3018942022239954,-0.5772961944589177,1.298197342602251,4.483458923432589
anisotropic,CAT64-MWBP-local,1,core,cat,64,2,64,320,,65,85,True,0.32256829833419665,0.23796635362245103,0.8927083333333333,0.32256829833419665,0.8583333333333333,0.3357380058584306,0.8475,0.847842401500938,0.8474914213924534,30.15161280002212,960,240,400,20,2,6,6154,,,,0.30041058155632056,1.8291221919738379,1.8291221919738379,-0.5933261968904301,1.5869321722180616,5.721360892064714
anisotropic,CAT64-MWBP-local,2,core,cat,64,2,64,320,,57,77,True,0.4883270929079913,0.32234012140026447,0.8604166666666667,0.4883270929079913,0.7875,0.48353939170044724,0.7525,0.7520508203281313,0.7521514629948365,28.24028799997177,960,240,400,20,2,6,6154,,,,0.12172316580572011,2.6108657623751372,2.6108657623751372,-0.5956004254448207,2.000000000000003,7.976345429665692
anisotropic,CAT64-MWBP-local,3,core,cat,64,2,64,320,,82,102,True,0.26473414496321457,0.1098437254559462,0.959375,0.26473414496321457,0.9,0.3191157401028356,0.85,0.8500000000000001,0.8497596153846154,37.43155979999574,960,240,400,20,2,6,6154,,,,0.21802879971350236,1.470867622147531,1.470867622147531,-0.5739629314578905,1.4523523187132217,5.058409977069635
anisotropic,CAT64-MWBP-local,5,core,cat,64,2,64,320,,45,65,True,0.3698434509193484,0.22247240631301632,0.9072916666666667,0.3698434509193484,0.8333333333333334,0.40133167911538087,0.8175,0.8182466054862344,0.8172429979658895,23.617372300010175,960,240,400,20,2,6,6154,,,,0.09997804321380145,2.58864790205565,2.58864790205565,-0.5921344380000576,2.000000000000001,7.954259333377696
anisotropic,CAT64-MWBP-local,6,core,cat,64,2,64,320,,48,68,True,0.45472865975136106,0.3584006354932772,0.8552083333333333,0.45472865975136106,0.7833333333333333,0.5113331922848229,0.77,0.7709938945050545,0.7699769976997699,24.83402930002194,960,240,400,20,2,6,6154,,,,0.46086851371402726,0.7607840274901254,0.7607840274901254,-0.5402917402830023,0.9513862884708759,3.298086404990915
anisotropic,CAT64-MWBP-local,4,core,cat,64,2,64,320,,77,97,True,0.2628230392844608,0.2012800266334186,0.9135416666666667,0.2628230392844608,0.8875,0.3158831177286099,0.8675,0.8665865384615384,0.8670604686745553,34.72932589997072,960,240,400,20,2,6,6154,,,,0.23152775226982392,1.2864858417916953,1.2864858417916953,-0.5820200023189018,1.3208635000616304,4.582784587460427
anisotropic,CAT64-MWBP-local,7,core,cat,64,2,64,320,,32,52,True,0.3380372733268567,0.24131367480826438,0.8989583333333333,0.3380372733268567,0.8416666666666667,0.3614456424427452,0.8125,0.8114008642347503,0.8115092454715096,18.367322099977173,960,240,400,20,2,6,6154,,,,0.4774832523122838,2.285818480683682,2.285818480683682,-0.5916552024291002,1.900447094866142,7.342518016648847
anisotropic,CAT64-MWBP-local,9,core,cat,64,2,64,320,,24,44,True,0.43628352526187525,0.4343214153804007,0.79375,0.43628352526187525,0.8,0.4734642968102453,0.7775,0.7775027502750276,0.7774874836709564,14.794795599998906,960,240,400,20,2,6,6154,,,,0.2988314809239302,1.5987031163605812,1.5987031163605812,-0.5749900799705125,1.5084481804539382,5.2949344974755395
anisotropic,CAT64-MWBP-local,8,core,cat,64,2,64,320,,38,58,True,0.3636649708511887,0.37076855401248526,0.8322916666666667,0.3636649708511887,0.8291666666666667,0.43958171543023494,0.7825,0.7825532553255325,0.7824986406165038,19.62843070004601,960,240,400,20,2,6,6154,,,,0.29155553402007794,1.6337082611214129,1.6337082611214129,-0.5977658010281982,1.405551313824179,4.966193701594196
anisotropic,CAT64-MWBP-local-EM,0,core,cat,64,2,64,320,,58,78,True,0.45337996415800963,0.37136375317852477,0.8458333333333333,0.45337996415800963,0.7833333333333333,0.4645083242244584,0.77,0.7679646728221599,0.7685185185185186,26.29182889999356,960,240,400,20,2,6,6154,2.2801000976562498,0.21696324877634898,0.21693515841647693,0.25993946668034046,0.7519733245065113,0.7519733245065113,-0.4385018888191677,0.9864331004202178,3.1266057505431246
anisotropic,CAT64-MWBP-local-EM,1,core,cat,64,2,64,320,,65,85,True,0.3225756888639402,0.2379493907809138,0.8927083333333333,0.3225756888639402,0.8583333333333333,0.3357481120582719,0.8475,0.847842401500938,0.8474914213924534,28.373912499984726,960,240,400,20,2,6,6154,2.32011474609375,0.19998816157210375,0.20001691590701842,0.1804497971098929,1.0935013976156218,1.0935013976156218,-0.458864032416719,1.226645546811993,3.8512880985027937
anisotropic,CAT64-MWBP-local-EM,2,core,cat,64,2,64,320,,64,84,True,0.48832825699521776,0.29655574211956204,0.8739583333333333,0.48832825699521776,0.7625,0.4647703899586493,0.77,0.7708083233293317,0.7698561601000625,28.30981409997912,960,240,400,20,2,6,6154,2.26045654296875,0.20342815095250075,0.20345230601759667,0.19575274245077906,0.5702865401351723,0.5702865401351723,-0.4392867473905673,0.6674366734713357,2.42390223837292
anisotropic,CAT64-MWBP-local-EM,3,core,cat,64,2,64,320,,82,102,True,0.26476117587446285,0.1097657079944694,0.959375,0.26476117587446285,0.9,0.3191681818367132,0.85,0.8500000000000001,0.8497596153846154,32.31235249998281,960,240,400,20,2,6,6154,2.24154052734375,0.26297605677122987,0.2628913750281976,0.12184631822501285,0.8172087552690057,0.8172087552690057,-0.4290664506054991,1.081239285904589,3.3476030732036217
anisotropic,CAT64-MWBP-local-EM,5,core,cat,64,2,64,320,,45,65,True,0.3699179156215044,0.22248836542990594,0.9072916666666667,0.3699179156215044,0.8333333333333334,0.4014691197604297,0.8175,0.8182466054862344,0.8172429979658895,20.398267699987628,960,240,400,20,2,6,6154,2.2408129882812498,0.2676441689614879,0.2675600342124844,0.05150158065328611,1.8190860764631411,1.8190860764631411,-0.442230697810451,1.7272243419288267,5.672126161212441
anisotropic,CAT64-MWBP-local-EM,4,core,cat,64,2,64,320,,77,97,True,0.26280305431817363,0.20133918034767734,0.9135416666666667,0.26280305431817363,0.8875,0.3159223543617576,0.8675,0.8665865384615384,0.8670604686745553,30.951983899984043,960,240,400,20,2,6,6154,2.26045654296875,0.24129540702032543,0.24128152583085372,0.13209748805418192,0.7295082427386278,0.7295082427386278,-0.438482624106103,0.9950283020365103,3.1481303625090846
anisotropic,CAT64-MWBP-local-EM,6,core,cat,64,2,64,320,,48,68,True,0.45473597901306434,0.3583646291871164,0.8552083333333333,0.45473597901306434,0.7833333333333333,0.5113218443282304,0.77,0.7709938945050545,0.7699769976997699,21.088595399982296,960,240,400,20,2,6,6154,2.2386303710937496,0.2690515498132764,0.26903781886716266,0.25644610422247754,0.42128041981514647,0.42128041981514647,-0.40271535725768665,0.7069148584416357,2.4295454264762344
anisotropic,CAT64-MWBP-local-EM,7,core,cat,64,2,64,320,,32,52,True,0.3380371920282755,0.24129871287141444,0.8989583333333333,0.3380371920282755,0.8416666666666667,0.3615022335341119,0.81,0.8087126921917396,0.8089252042740415,16.340857100032736,960,240,400,20,2,6,6154,2.2386303710937496,0.25621497896865936,0.2562924062558786,0.2780962041923194,1.3871190392629997,1.3871190392629997,-0.44139613895614915,1.4974778945535214,4.716652004396251
digits,BP-Momentum,0,core,bp,0,0,0,0,,149,150,False,0.1008861795059848,0.01027910354031501,1.0,0.1008861795059848,0.9740740740740741,0.11961640638989277,0.9666666666666667,0.9659961597777574,0.9666154641322157,3.7719862000085413,1077,270,450,64,10,6,13706,,,,,,,,,
digits,BP-Momentum,1,core,bp,0,0,0,0,,144,150,False,0.1280228609723652,0.01015596983250285,1.0,0.1280228609723652,0.9666666666666667,0.17938587180493862,0.9488888888888889,0.9486001572856981,0.9486416840177261,3.570101200020872,1077,270,450,64,10,6,13706,,,,,,,,,
digits,BP-Momentum,2,core,bp,0,0,0,0,,149,150,False,0.11073144374027007,0.010502977188353888,1.0,0.11073144374027007,0.9666666666666667,0.1717212279521859,0.9488888888888889,0.9483104554135899,0.9480666336988459,3.441932199988514,1077,270,450,64,10,6,13706,,,,,,,,,
anisotropic,CAT64-MWBP-local-EM,8,core,cat,64,2,64,320,,38,58,True,0.3636749389055192,0.3706496780620637,0.8322916666666667,0.3636749389055192,0.8291666666666667,0.4396065751972905,0.7825,0.7825532553255325,0.7824986406165038,18.119038500008173,960,240,400,20,2,6,6154,2.2379028320312497,0.27287131589641883,0.2728821749332682,0.1628919676370706,0.9179021031760197,0.9179021031760197,-0.44592121421614855,1.0541024464832869,3.320179768362214
digits,BP-Momentum,3,core,bp,0,0,0,0,,149,150,False,0.08376100302744549,0.009509989547621571,1.0,0.08376100302744549,0.9777777777777777,0.15803631342454758,0.9555555555555556,0.9553792730132468,0.9557914786785331,3.7899587000138126,1077,270,450,64,10,6,13706,,,,,,,,,
anisotropic,CAT64-MWBP-local-EM,9,core,cat,64,2,64,320,,24,44,True,0.43627182623472066,0.4342362869683173,0.79375,0.43627182623472066,0.8,0.4734208164476562,0.7775,0.7775027502750276,0.7774874836709564,13.8793955000001,960,240,400,20,2,6,6154,2.2386303710937496,0.25123087851317294,0.2511684841900385,0.16644037444910165,0.8897146508970982,0.8897146508970982,-0.4290393743656373,1.1252665887604243,3.467537786572829
digits,BP-Momentum,4,core,bp,0,0,0,0,,150,150,False,0.12176606560129434,0.00923552304330857,1.0,0.12176606560129434,0.9703703703703703,0.08794890177018563,0.9777777777777777,0.9771599718111347,0.9774219040031958,4.474114299984649,1077,270,450,64,10,6,13706,,,,,,,,,
digits,BP-Momentum,5,core,bp,0,0,0,0,,141,150,False,0.15967242466396134,0.010094739529728496,1.0,0.15967242466396134,0.9481481481481482,0.17684225935942205,0.9533333333333334,0.9532996292551399,0.9531977400306075,4.419633200042881,1077,270,450,64,10,6,13706,,,,,,,,,
digits,BP-Momentum,6,core,bp,0,0,0,0,,134,150,False,0.15494623441867783,0.011418429549895163,1.0,0.15494623441867783,0.9592592592592593,0.143380094001542,0.9533333333333334,0.9533132640867727,0.9534451711795043,5.049214800004847,1077,270,450,64,10,6,13706,,,,,,,,,
digits,BP-Momentum,7,core,bp,0,0,0,0,,102,122,True,0.1752200771915858,0.01740543864521038,1.0,0.1752200771915858,0.9592592592592593,0.10009893096341249,0.9777777777777777,0.977964273677115,0.9777966145132562,4.451526300050318,1077,270,450,64,10,6,13706,,,,,,,,,
digits,BP-Adam,0,core,bp,0,0,0,0,,13,33,True,0.1290027544566121,0.025478563323678777,1.0,0.1290027544566121,0.9666666666666667,0.13148045398560068,0.9577777777777777,0.9574634617152313,0.9578343866621795,1.2767186000128277,1077,270,450,64,10,6,13706,,,,,,,,,
digits,BP-Adam,1,core,bp,0,0,0,0,,21,41,True,0.1451657516281568,0.009362836337271419,1.0,0.1451657516281568,0.9629629629629629,0.18713163130301383,0.9488888888888889,0.9484967981125717,0.9483203848155555,1.5102225000155158,1077,270,450,64,10,6,13706,,,,,,,,,
digits,BP-Momentum,8,core,bp,0,0,0,0,,146,150,False,0.13916704790247295,0.011179671979218587,1.0,0.13916704790247295,0.9555555555555556,0.2180242900405588,0.9377777777777778,0.9372801319565729,0.936768164629342,5.653117000008933,1077,270,450,64,10,6,13706,,,,,,,,,
digits,BP-Momentum,9,core,bp,0,0,0,0,,145,150,False,0.11225944953561535,0.010237483268032518,1.0,0.11225944953561535,0.9555555555555556,0.16069114717887853,0.9555555555555556,0.9549288129015127,0.9549566180221338,5.775151600013487,1077,270,450,64,10,6,13706,,,,,,,,,
digits,BP-Adam,2,core,bp,0,0,0,0,,44,64,True,0.10567958339702004,0.0031514097432731474,1.0,0.10567958339702004,0.9814814814814815,0.14192458210247919,0.9622222222222222,0.9616481804904454,0.9615732933709078,2.800454100011848,1077,270,450,64,10,6,13706,,,,,,,,,
digits,BP-Adam,3,core,bp,0,0,0,0,,36,56,True,0.07241079822110766,0.003586469551865198,1.0,0.07241079822110766,0.9777777777777777,0.15499428108541458,0.9577777777777777,0.957601495235469,0.9578363862933438,2.5643909000209533,1077,270,450,64,10,6,13706,,,,,,,,,
digits,BP-Adam,5,core,bp,0,0,0,0,,17,37,True,0.15904041515565473,0.013265631039686948,1.0,0.15904041515565473,0.9444444444444444,0.18085519878109918,0.9533333333333334,0.9533524833777614,0.9533915545744531,1.2695564000168815,1077,270,450,64,10,6,13706,,,,,,,,,
digits,BP-Adam,6,core,bp,0,0,0,0,,15,35,True,0.17842045549091884,0.018234418390721988,1.0,0.17842045549091884,0.9592592592592593,0.14758507386941694,0.9688888888888889,0.9689260655084719,0.9688954044885756,1.172021800011862,1077,270,450,64,10,6,13706,,,,,,,,,
digits,BP-Adam,4,core,bp,0,0,0,0,,33,53,True,0.1295676578584025,0.004386116251666837,1.0,0.1295676578584025,0.9666666666666667,0.08182822772358624,0.98,0.9796326766144764,0.979825320275368,2.0698199000325985,1077,270,450,64,10,6,13706,,,,,,,,,
digits,BP-Adam,7,core,bp,0,0,0,0,,13,33,True,0.18670742928948642,0.023008157637352467,1.0,0.18670742928948642,0.9555555555555556,0.10446649704423087,0.9777777777777777,0.977819346140883,0.9777228996916344,1.1519205999793485,1077,270,450,64,10,6,13706,,,,,,,,,
digits,BP-Adam,9,core,bp,0,0,0,0,,24,44,True,0.09928995146836994,0.007554029865207511,1.0,0.09928995146836994,0.9703703703703703,0.15271647512761025,0.9622222222222222,0.9616459846186844,0.9614881360862615,1.6530469999997877,1077,270,450,64,10,6,13706,,,,,,,,,
digits,BP-Adam,8,core,bp,0,0,0,0,,41,61,True,0.10767391834195725,0.0038166240524836175,1.0,0.10767391834195725,0.9666666666666667,0.23191939559895897,0.9444444444444444,0.9441097527346264,0.9441700132867281,2.2648497999762185,1077,270,450,64,10,6,13706,,,,,,,,,
digits,BP-MWBP,0,core,bp,0,0,0,0,,149,150,False,0.09980924314862175,0.010379983377212087,1.0,0.09980924314862175,0.9740740740740741,0.11880183070096043,0.9666666666666667,0.9660466648282624,0.9665520758452588,10.716115400020499,1077,270,450,64,10,6,13706,,,,0.008420064161761519,1.309878637984995,0.18709641853950626,-0.2354166079973886,1.158400723093613,3.049732448208879
digits,BP-MWBP,1,core,bp,0,0,0,0,,141,150,False,0.1255457105042068,0.010610088488772599,1.0,0.1255457105042068,0.9666666666666667,0.1749142167551237,0.9488888888888889,0.9486001572856981,0.9486424717604492,10.51453769998625,1077,270,450,64,10,6,13706,,,,0.004382111636149813,1.3268538672135757,0.18869071867961157,-0.23541117571236805,1.1668776280807993,3.07047122416792
digits,BP-MWBP,2,core,bp,0,0,0,0,,149,150,False,0.11089338153025144,0.010790398327625704,1.0,0.11089338153025144,0.9629629629629629,0.16956860827063255,0.9511111111111111,0.9503855542278192,0.9500792289888194,10.445781199960038,1077,270,450,64,10,6,13706,,,,0.034106349645514365,1.3027926481498577,0.18716342505509356,-0.23552630482377188,1.1556466473847864,3.0432875492478475
digits,BP-MWBP,3,core,bp,0,0,0,0,,149,150,False,0.08068336233551301,0.009668028055583219,1.0,0.08068336233551301,0.9777777777777777,0.15719371972775376,0.9555555555555556,0.9553792730132468,0.9557914786785331,10.260658899962436,1077,270,450,64,10,6,13706,,,,0.012505887978377685,1.313279505611411,0.18812242691142286,-0.2354218008768173,1.1610040607145984,3.0561033494603564
digits,BP-MWBP,7,core,bp,0,0,0,0,,102,122,True,0.1777756992981813,0.017442273624308904,1.0,0.1777756992981813,0.9555555555555556,0.10114966788302686,0.9777777777777777,0.977964273677115,0.9778210345376761,5.929422800021712,1077,270,450,64,10,6,13706,,,,0.025283477219755726,1.312932429758377,0.186357392384206,-0.23518419686647,1.1598945222546848,3.0528115183127356
digits,BP-MWBP,4,core,bp,0,0,0,0,,150,150,False,0.12378881184134075,0.009316703109993215,1.0,0.12378881184134075,0.9703703703703703,0.08921488729070094,0.9777777777777777,0.9771599718111347,0.9774219040031958,7.661138499970548,1077,270,450,64,10,6,13706,,,,0.007204545218585938,1.3181352880687254,0.18767141282021085,-0.23519938666437126,1.1629772946131842,3.0603868973737502
digits,BP-MWBP,5,core,bp,0,0,0,0,,141,150,False,0.16028782733912017,0.010191323536892985,1.0,0.16028782733912017,0.9444444444444444,0.17622627967397364,0.9555555555555556,0.9554735422986183,0.955514606089727,7.749912499974016,1077,270,450,64,10,6,13706,,,,0.054421515194660236,1.2944161133328267,0.18274904418857932,-0.2354323890961515,1.147512337371889,3.0233206526397787
digits,BP-MWBP,6,core,bp,0,0,0,0,,130,150,False,0.1572103188326264,0.011859634113840934,1.0,0.1572103188326264,0.9592592592592593,0.14427919041680584,0.9533333333333334,0.9533132640867727,0.9534451711795043,7.493263099982869,1077,270,450,64,10,6,13706,,,,0.05337264206231827,1.2599413189234807,0.18255539136801854,-0.23478453039640537,1.1369274429458556,2.996274185550014
digits,FA-Momentum,0,core,fa,0,0,0,0,,150,150,False,0.2326572381854548,0.08982894210347267,0.9851439182915506,0.2326572381854548,0.9444444444444444,0.26710732964217926,0.9244444444444444,0.9240548559405992,0.9241543467374898,4.038652000017464,1077,270,450,64,10,6,13706,,,,,,,,,
digits,FA-Momentum,1,core,fa,0,0,0,0,,150,150,False,0.32712926316391666,0.0993956831486642,0.9860724233983287,0.32712926316391666,0.8925925925925926,0.29502493028746435,0.9177777777777778,0.9175238737220537,0.9170763704255676,4.101623499998823,1077,270,450,64,10,6,13706,,,,,,,,,
digits,BP-MWBP,8,core,bp,0,0,0,0,,150,150,False,0.13991347738991342,0.01096454660882195,1.0,0.13991347738991342,0.9555555555555556,0.22094652522095878,0.9377777777777778,0.9372801319565729,0.9367931155238581,7.786183800024446,1077,270,450,64,10,6,13706,,,,0.01595868486930806,1.3131995629481386,0.18637772998873578,-0.23546314723567105,1.1588263116962405,3.050884556649071
digits,BP-MWBP,9,core,bp,0,0,0,0,,145,150,False,0.11241048239886398,0.010281396782118148,1.0,0.11241048239886398,0.9555555555555556,0.15989593529189872,0.9555555555555556,0.9549288129015127,0.9549566180221338,7.912120699998923,1077,270,450,64,10,6,13706,,,,0.009096310425035867,1.3255092006931932,0.18814646015779382,-0.23564778004160725,1.1658847811795996,3.0686141691336366
digits,FA-Momentum,2,core,fa,0,0,0,0,,150,150,False,0.2689302550037531,0.11024356076560145,0.9805013927576601,0.2689302550037531,0.8925925925925926,0.25830021770636485,0.9222222222222223,0.9213798245345263,0.9214881062552879,4.0425312999868765,1077,270,450,64,10,6,13706,,,,,,,,,
digits,FA-Momentum,3,core,fa,0,0,0,0,,149,150,False,0.1881997637878027,0.09495282490299839,0.9795728876508821,0.1881997637878027,0.9481481481481482,0.2449240229591969,0.9288888888888889,0.9285498054355485,0.9288967341967354,4.228843400022015,1077,270,450,64,10,6,13706,,,,,,,,,
digits,FA-Momentum,5,core,fa,0,0,0,0,,149,150,False,0.27021339972083797,0.08334484281134998,0.9823584029712163,0.27021339972083797,0.9074074074074074,0.21190263521492125,0.9377777777777778,0.9375464452410863,0.9376164942702084,3.932266600022558,1077,270,450,64,10,6,13706,,,,,,,,,
digits,FA-Momentum,4,core,fa,0,0,0,0,,150,150,False,0.2178510230388318,0.11737159163889864,0.9730733519034355,0.2178510230388318,0.9407407407407408,0.19942971500108106,0.9422222222222222,0.9413661897028934,0.9403903674395462,4.304076800006442,1077,270,450,64,10,6,13706,,,,,,,,,
digits,FA-Momentum,6,core,fa,0,0,0,0,,150,150,False,0.3209665502474489,0.1251410598090134,0.9777158774373259,0.3209665502474489,0.9148148148148149,0.24939953987795116,0.9266666666666666,0.926479251565197,0.9264974268594213,4.389357800013386,1077,270,450,64,10,6,13706,,,,,,,,,
digits,FA-Momentum,7,core,fa,0,0,0,0,,150,150,False,0.23419853087745957,0.10550314748535071,0.9805013927576601,0.23419853087745957,0.9296296296296296,0.23023292713998955,0.9355555555555556,0.935370336325847,0.9354345252596639,4.019830100005493,1077,270,450,64,10,6,13706,,,,,,,,,
digits,FA-Momentum,8,core,fa,0,0,0,0,,150,150,False,0.23078695117232836,0.06761735990109075,0.9925719591457753,0.23078695117232836,0.937037037037037,0.32570779882234435,0.9111111111111111,0.911206657066111,0.9111787724784879,3.934788500017021,1077,270,450,64,10,6,13706,,,,,,,,,
digits,FA-Momentum,9,core,fa,0,0,0,0,,150,150,False,0.328980572880976,0.10184885447731273,0.9795728876508821,0.328980572880976,0.9148148148148149,0.34897169308957116,0.9111111111111111,0.910824728580037,0.9100003956836245,3.908534199988935,1077,270,450,64,10,6,13706,,,,,,,,,
digits,DFA-Momentum,0,core,dfa,0,0,0,0,,149,150,False,0.17029457647963203,0.02380186685962491,0.9990714948932219,0.17029457647963203,0.9481481481481482,0.1650327836929623,0.9577777777777777,0.9574015177048544,0.9579595068607432,4.044458299991675,1077,270,450,64,10,6,13706,,,,,,,,,
digits,DFA-Momentum,1,core,dfa,0,0,0,0,,148,150,False,0.20751643439442896,0.026301353625284223,1.0,0.20751643439442896,0.9518518518518518,0.21121154635072,0.9488888888888889,0.9484092696428389,0.9486882101775072,3.9510900999885052,1077,270,450,64,10,6,13706,,,,,,,,,
digits,DFA-Momentum,3,core,dfa,0,0,0,0,,149,150,False,0.17788445811333342,0.02001083393772071,0.9990714948932219,0.17788445811333342,0.9592592592592593,0.15974990288267696,0.9533333333333334,0.9530491466740203,0.9530080426395114,3.781441500002984,1077,270,450,64,10,6,13706,,,,,,,,,
digits,DFA-Momentum,2,core,dfa,0,0,0,0,,149,150,False,0.18285114591646495,0.02279553353290241,0.9990714948932219,0.18285114591646495,0.9444444444444444,0.19551829715485447,0.9466666666666667,0.9463871781515867,0.9463873192536099,3.9309751999680884,1077,270,450,64,10,6,13706,,,,,,,,,
digits,DFA-Momentum,4,core,dfa,0,0,0,0,,149,150,False,0.13834437733964816,0.022000122157279787,0.9990714948932219,0.13834437733964816,0.9629629629629629,0.18231930157673168,0.9533333333333334,0.9525963374901696,0.9524057559018368,3.9397734999656677,1077,270,450,64,10,6,13706,,,,,,,,,
digits,DFA-Momentum,5,core,dfa,0,0,0,0,,148,150,False,0.17146462754424371,0.021421651510154845,0.9990714948932219,0.17146462754424371,0.9481481481481482,0.22606238081286847,0.9466666666666667,0.9469846084709583,0.9473247601619563,3.7356320000253618,1077,270,450,64,10,6,13706,,,,,,,,,
digits,DFA-Momentum,7,core,dfa,0,0,0,0,,114,134,True,0.24815667591524088,0.03885081456777187,0.9953574744661096,0.24815667591524088,0.937037037037037,0.22986449136253792,0.9377777777777778,0.93784523700095,0.9377452859219849,3.446372600039467,1077,270,450,64,10,6,13706,,,,,,,,,
digits,DFA-Momentum,6,core,dfa,0,0,0,0,,150,150,False,0.19601378422039373,0.022864331557155455,1.0,0.19601378422039373,0.9629629629629629,0.15920077166765945,0.9622222222222222,0.9621447539091624,0.9621207964773604,3.5528541000094265,1077,270,450,64,10,6,13706,,,,,,,,,
digits,DFA-Momentum,8,core,dfa,0,0,0,0,,106,126,True,0.16815973398771691,0.037489146234230074,0.9981429897864438,0.16815973398771691,0.9592592592592593,0.2202694554881388,0.9333333333333333,0.9335872884558425,0.9333295046139526,3.2507222999702208,1077,270,450,64,10,6,13706,,,,,,,,,
digits,DFA-Momentum,9,core,dfa,0,0,0,0,,132,150,False,0.1628924321665562,0.026611906558210014,0.9990714948932219,0.1628924321665562,0.9555555555555556,0.1965111445154433,0.9444444444444444,0.9443602353157459,0.9441743942031995,4.172671600012109,1077,270,450,64,10,6,13706,,,,,,,,,
digits,LocalHead-Momentum,1,core,localhead,0,0,0,0,,75,95,True,0.21825662144317443,0.12042100829364868,0.9767873723305478,0.21825662144317443,0.9333333333333333,0.20103358778116537,0.9511111111111111,0.9506798010438052,0.9508693904725736,2.6752863000147045,1077,270,450,64,10,6,13706,,,,,,,,,
digits,LocalHead-Momentum,0,core,localhead,0,0,0,0,,150,150,False,0.15457061020722734,0.058627805219038556,0.9860724233983287,0.15457061020722734,0.9592592592592593,0.19664490391715894,0.9466666666666667,0.9461341932979952,0.946509256246572,4.421503100020345,1077,270,450,64,10,6,13706,,,,,,,,,
digits,LocalHead-Momentum,2,core,localhead,0,0,0,0,,149,150,False,0.2065409136181288,0.04678220217819032,0.9879294336118849,0.2065409136181288,0.9481481481481482,0.20885689349715642,0.9422222222222222,0.941434874528909,0.9424188512936041,4.507851300004404,1077,270,450,64,10,6,13706,,,,,,,,,
digits,LocalHead-Momentum,3,core,localhead,0,0,0,0,,149,150,False,0.13850426021294615,0.05892457783684778,0.9851439182915506,0.13850426021294615,0.9703703703703703,0.17008398866314248,0.9622222222222222,0.961634698859168,0.9614667641711725,4.491943299944978,1077,270,450,64,10,6,13706,,,,,,,,,
digits,LocalHead-Momentum,4,core,localhead,0,0,0,0,,150,150,False,0.1273155702057096,0.049688205174786684,0.9860724233983287,0.1273155702057096,0.9629629629629629,0.1661686165172966,0.96,0.959522576625711,0.9597833791274868,4.225189299962949,1077,270,450,64,10,6,13706,,,,,,,,,
digits,LocalHead-Momentum,5,core,localhead,0,0,0,0,,144,150,False,0.19430256800719636,0.05001109405420327,0.9870009285051068,0.19430256800719636,0.9555555555555556,0.22152656625845912,0.9533333333333334,0.9536075109027587,0.9535571424802163,4.622875300003216,1077,270,450,64,10,6,13706,,,,,,,,,
digits,LocalHead-Momentum,6,core,localhead,0,0,0,0,,129,149,True,0.23854825759666787,0.054753754615347684,0.9870009285051068,0.23854825759666787,0.9444444444444444,0.15487366861661409,0.9577777777777777,0.9575509901849639,0.9576512984202689,4.732717600010801,1077,270,450,64,10,6,13706,,,,,,,,,
digits,LocalHead-Momentum,7,core,localhead,0,0,0,0,,94,114,True,0.2217902770471976,0.06760830172230743,0.9823584029712163,0.2217902770471976,0.9407407407407408,0.12702791834288882,0.9666666666666667,0.9666464442197507,0.9667417492304189,3.471485699992627,1077,270,450,64,10,6,13706,,,,,,,,,
digits,LocalHead-Momentum,8,core,localhead,0,0,0,0,,150,150,False,0.14627834826022465,0.04858656299358245,0.9907149489322191,0.14627834826022465,0.9629629629629629,0.20785769627497322,0.9488888888888889,0.9488046797601903,0.9490273171715724,4.499395300052129,1077,270,450,64,10,6,13706,,,,,,,,,
digits,LocalHead-Momentum,9,core,localhead,0,0,0,0,,150,150,False,0.18324040190453145,0.04968026180236649,0.9851439182915506,0.18324040190453145,0.9629629629629629,0.1810287079871079,0.9511111111111111,0.9507348510381878,0.9506137929962202,4.400747399951797,1077,270,450,64,10,6,13706,,,,,,,,,
digits,AR64-Momentum,1,core,ar,64,1,64,320,0.16,144,150,False,0.12793014410700213,0.01018766032774677,1.0,0.12793014410700213,0.9666666666666667,0.179614845053931,0.9466666666666667,0.9463274300129709,0.9464186386486133,50.904076000035275,1077,270,450,64,10,6,13706,,,,,,,,,
digits,AR64-Momentum,0,core,ar,64,1,64,320,0.16,149,150,False,0.1006583193525752,0.010315093212467492,1.0,0.1006583193525752,0.9740740740740741,0.11985620777524914,0.9644444444444444,0.9637739375555352,0.9643932419099934,51.89406500000041,1077,270,450,64,10,6,13706,,,,,,,,,
digits,AR64-Momentum,2,core,ar,64,1,64,320,0.16,149,150,False,0.11076057818203466,0.010549406963698705,1.0,0.11076057818203466,0.9666666666666667,0.1718082710128597,0.9488888888888889,0.9483104554135899,0.9480666336988459,51.14577120001195,1077,270,450,64,10,6,13706,,,,,,,,,
digits,AR64-Momentum,3,core,ar,64,1,64,320,0.16,149,150,False,0.08383995901418637,0.009538307651486859,1.0,0.08383995901418637,0.9777777777777777,0.15809369309784763,0.9555555555555556,0.9553792730132468,0.9557914786785331,50.8688788000145,1077,270,450,64,10,6,13706,,,,,,,,,
digits,AR64-Momentum,7,core,ar,64,1,64,320,0.16,115,135,True,0.17464421685550913,0.014722732062579744,1.0,0.17464421685550913,0.9592592592592593,0.0966445955281039,0.9755555555555555,0.9757903606336367,0.975550871535239,47.05908550001914,1077,270,450,64,10,6,13706,,,,,,,,,
digits,AR64-Momentum,5,core,ar,64,1,64,320,0.16,141,150,False,0.15938812367253746,0.010129557905653019,1.0,0.15938812367253746,0.9481481481481482,0.17668817085363606,0.9533333333333334,0.9532996292551399,0.9531977400306075,51.17103889997816,1077,270,450,64,10,6,13706,,,,,,,,,
digits,AR64-Momentum,4,core,ar,64,1,64,320,0.16,150,150,False,0.12199412716356732,0.009277411605564332,1.0,0.12199412716356732,0.9703703703703703,0.0881866416151285,0.9777777777777777,0.9771599718111347,0.9774219040031958,52.299102500022855,1077,270,450,64,10,6,13706,,,,,,,,,
digits,AR64-Momentum,6,core,ar,64,1,64,320,0.16,134,150,False,0.15521168556336065,0.011463624889424526,1.0,0.15521168556336065,0.9592592592592593,0.14351806095671438,0.9533333333333334,0.9533132640867727,0.9534451711795043,51.636216899962164,1077,270,450,64,10,6,13706,,,,,,,,,
digits,CAT40-Momentum,0,core,cat,40,2,40,200,,149,150,False,0.09857590203313907,0.010753574014343714,1.0,0.09857590203313907,0.9740740740740741,0.12290402972879398,0.9666666666666667,0.9660466648282624,0.9665520758452588,48.112856700026896,1077,270,450,64,10,6,13706,,,,,,,,,
digits,CAT40-Momentum,1,core,cat,40,2,40,200,,144,150,False,0.1272072130381828,0.010604679796338588,1.0,0.1272072130381828,0.9666666666666667,0.182459316793401,0.9444444444444444,0.9441052077907488,0.94412151005935,47.891276100010145,1077,270,450,64,10,6,13706,,,,,,,,,
digits,AR64-Momentum,8,core,ar,64,1,64,320,0.16,150,150,False,0.13911695487082076,0.010820616409088102,1.0,0.13911695487082076,0.9555555555555556,0.21848987263587522,0.9377777777777778,0.9372801319565729,0.936768164629342,57.634362899989355,1077,270,450,64,10,6,13706,,,,,,,,,
digits,AR64-Momentum,9,core,ar,64,1,64,320,0.16,145,150,False,0.11267951612043207,0.010282825338788597,1.0,0.11267951612043207,0.9555555555555556,0.16091146895996114,0.9555555555555556,0.9549288129015127,0.9549566180221338,58.71405369997956,1077,270,450,64,10,6,13706,,,,,,,,,
digits,CAT40-Momentum,2,core,cat,40,2,40,200,,149,150,False,0.11165546645548463,0.011137564473583467,1.0,0.11165546645548463,0.9629629629629629,0.17342231469611497,0.9488888888888889,0.9482116411843409,0.9479082566862681,39.28420189995086,1077,270,450,64,10,6,13706,,,,,,,,,
digits,CAT40-Momentum,3,core,cat,40,2,40,200,,149,150,False,0.08485042842120334,0.009886355212301927,1.0,0.08485042842120334,0.9814814814814815,0.15867589390899603,0.9555555555555556,0.9553792730132468,0.9557914786785331,39.65974859998096,1077,270,450,64,10,6,13706,,,,,,,,,
digits,CAT40-Momentum,4,core,cat,40,2,40,200,,150,150,False,0.12398949170882971,0.00978659075301209,1.0,0.12398949170882971,0.9703703703703703,0.09085459049114741,0.9733333333333334,0.9727638365454341,0.9729769189476446,41.009277900040615,1077,270,450,64,10,6,13706,,,,,,,,,
digits,CAT40-Momentum,5,core,cat,40,2,40,200,,141,150,False,0.15644427452572648,0.010557566181136362,1.0,0.15644427452572648,0.9481481481481482,0.17468259124337204,0.9533333333333334,0.9532008150258908,0.9533383469429209,41.846676099987235,1077,270,450,64,10,6,13706,,,,,,,,,
digits,CAT40-Momentum,7,core,cat,40,2,40,200,,115,135,True,0.17013741478564595,0.015608392870498332,1.0,0.17013741478564595,0.9592592592592593,0.10101847251586304,0.9755555555555555,0.9757903606336367,0.975550871535239,43.78275389998453,1077,270,450,64,10,6,13706,,,,,,,,,
digits,CAT40-Momentum,6,core,cat,40,2,40,200,,134,150,False,0.157860759046841,0.012054457650192757,1.0,0.157860759046841,0.9592592592592593,0.1447892744913154,0.9577777777777777,0.9577093993524732,0.9577470865562973,49.75220059999265,1077,270,450,64,10,6,13706,,,,,,,,,
digits,CAT40-Momentum,8,core,cat,40,2,40,200,,150,150,False,0.1404533105276036,0.01133829759516431,1.0,0.1404533105276036,0.9555555555555556,0.2271246210838573,0.9355555555555556,0.9350579097343508,0.9344614707120344,48.86598670005333,1077,270,450,64,10,6,13706,,,,,,,,,
digits,CAT40-Momentum,9,core,cat,40,2,40,200,,145,150,False,0.11789518971930717,0.01086835443012197,1.0,0.11789518971930717,0.9555555555555556,0.1638043667833036,0.9555555555555556,0.9549288129015127,0.9549566180221338,50.108767300029285,1077,270,450,64,10,6,13706,,,,,,,,,
digits,CAT64-Momentum,0,core,cat,64,2,64,320,,149,150,False,0.10075524041604429,0.010298830773351877,1.0,0.10075524041604429,0.9740740740740741,0.11975511513012613,0.9644444444444444,0.9637739375555352,0.9643932419099934,67.19772689999081,1077,270,450,64,10,6,13706,,,,,,,,,
digits,CAT64-Momentum,1,core,cat,64,2,64,320,,144,150,False,0.12796836246580026,0.010173252472374219,1.0,0.12796836246580026,0.9666666666666667,0.17951673794957626,0.9488888888888889,0.9486001572856981,0.9486416840177261,65.79515130002983,1077,270,450,64,10,6,13706,,,,,,,,,
digits,CAT64-Momentum,2,core,cat,64,2,64,320,,149,150,False,0.11074898402230826,0.010528393978667538,1.0,0.11074898402230826,0.9666666666666667,0.1717750301766506,0.9488888888888889,0.9483104554135899,0.9480666336988459,65.29479989997344,1077,270,450,64,10,6,13706,,,,,,,,,
digits,CAT64-Momentum,3,core,cat,64,2,64,320,,149,150,False,0.08379942448501845,0.009525427452199448,1.0,0.08379942448501845,0.9777777777777777,0.15806802803644474,0.9555555555555556,0.9553792730132468,0.9557914786785331,65.23101059999317,1077,270,450,64,10,6,13706,,,,,,,,,
digits,CAT64-Momentum,4,core,cat,64,2,64,320,,150,150,False,0.12189775080310918,0.009258667881861983,1.0,0.12189775080310918,0.9703703703703703,0.08808465241359778,0.9777777777777777,0.9771599718111347,0.9774219040031958,58.08364180003991,1077,270,450,64,10,6,13706,,,,,,,,,
digits,CAT64-Momentum,5,core,cat,64,2,64,320,,141,150,False,0.1595040667579119,0.01011381406864866,1.0,0.1595040667579119,0.9481481481481482,0.1767525367039383,0.9533333333333334,0.9532996292551399,0.9531977400306075,58.880770199990366,1077,270,450,64,10,6,13706,,,,,,,,,
digits,CAT64-Momentum,7,core,cat,64,2,64,320,,102,122,True,0.17494885948692382,0.01745260057209215,1.0,0.17494885948692382,0.9592592592592593,0.10028951845037139,0.9777777777777777,0.977964273677115,0.9777966145132562,48.08619279996492,1077,270,450,64,10,6,13706,,,,,,,,,
digits,CAT64-Momentum,6,core,cat,64,2,64,320,,134,150,False,0.15510413000835216,0.011443131673059425,1.0,0.15510413000835216,0.9592592592592593,0.1434598404235537,0.9533333333333334,0.9533132640867727,0.9534451711795043,60.548893700004555,1077,270,450,64,10,6,13706,,,,,,,,,
digits,CAT64-Momentum,8,core,cat,64,2,64,320,,150,150,False,0.13908871747168525,0.010802562544872623,1.0,0.13908871747168525,0.9555555555555556,0.21815628905903606,0.9377777777777778,0.9372801319565729,0.936768164629342,77.37005560001126,1077,270,450,64,10,6,13706,,,,,,,,,
digits,CAT64-Momentum,9,core,cat,64,2,64,320,,145,150,False,0.11249504550172763,0.010262267528908856,1.0,0.11249504550172763,0.9555555555555556,0.1608220029700927,0.9555555555555556,0.9549288129015127,0.9549566180221338,79.67362330004107,1077,270,450,64,10,6,13706,,,,,,,,,
digits,CAT64-MWBP,0,core,cat,64,2,64,320,,149,150,False,0.09968314355997614,0.010399962596400693,1.0,0.09968314355997614,0.9740740740740741,0.11894287305111646,0.9666666666666667,0.9660466648282624,0.9665520758452588,85.5368323000148,1077,270,450,64,10,6,13706,,,,0.0084970090529542,1.309551424574937,0.18707227716067887,-0.23541363464465304,1.1582507024503126,3.04935919844806
digits,CAT64-MWBP,1,core,cat,64,2,64,320,,141,150,False,0.12552200543040803,0.010629925636245471,1.0,0.12552200543040803,0.9666666666666667,0.17504934314230883,0.9488888888888889,0.9486001572856981,0.9486424717604492,85.74702710000565,1077,270,450,64,10,6,13706,,,,0.004429619574006592,1.326578131311546,0.18867653184978223,-0.2354088602995414,1.1667716261674488,3.070205167509021
digits,CAT64-MWBP,2,core,cat,64,2,64,320,,149,150,False,0.11093776616734044,0.010816120347296043,1.0,0.11093776616734044,0.9629629629629629,0.16966534481313203,0.9511111111111111,0.9503855542278192,0.9500792289888194,82.77066330000525,1077,270,450,64,10,6,13706,,,,0.03478975897795827,1.301792978127706,0.18709689339013968,-0.23552153312067303,1.155205853719051,3.042202955730776
digits,CAT64-MWBP,3,core,cat,64,2,64,320,,149,150,False,0.08071550059061787,0.009684254000240464,1.0,0.08071550059061787,0.9777777777777777,0.15721713415860936,0.9555555555555556,0.9553792730132468,0.9557914786785331,81.05993709998438,1077,270,450,64,10,6,13706,,,,0.012546946572513316,1.3131270580129604,0.1881151208247347,-0.23542087271255296,1.16094332816549,3.05595259996838
digits,CAT64-MWBP,4,core,cat,64,2,64,320,,150,150,False,0.12394622307030034,0.0093398745970182,1.0,0.12394622307030034,0.9703703703703703,0.08933940183693545,0.9777777777777777,0.9771599718111347,0.9774219040031958,82.1012034000014,1077,270,450,64,10,6,13706,,,,0.007228929569898097,1.317865562615909,0.18764613831098745,-0.23519665279160998,1.1628713257567314,3.060120771018826
digits,CAT64-MWBP,5,core,cat,64,2,64,320,,141,150,False,0.1601149525105805,0.0102098732898443,1.0,0.1601149525105805,0.9444444444444444,0.1761373325327036,0.9555555555555556,0.9554735422986183,0.955514606089727,81.06564679997973,1077,270,450,64,10,6,13706,,,,0.054720920416621174,1.2939043864851967,0.18268917814341495,-0.23542974049207768,1.1472652362446716,3.0227166541646877
digits,CAT64-MWBP,7,core,cat,64,2,64,320,,102,122,True,0.17750834205243252,0.017487281639762674,1.0,0.17750834205243252,0.9555555555555556,0.10134820075164896,0.9777777777777777,0.977964273677115,0.9778210345376761,65.32254879997345,1077,270,450,64,10,6,13706,,,,0.025500733787113126,1.3125702914181203,0.18633032828356458,-0.23517840984292862,1.1597436516732196,3.0524289453736233
digits,CAT64-MWBP,6,core,cat,64,2,64,320,,130,150,False,0.15737918858307018,0.01188564920869979,1.0,0.15737918858307018,0.9592592592592593,0.14437390920144297,0.9533333333333334,0.9533132640867727,0.9534451711795043,79.80310550000286,1077,270,450,64,10,6,13706,,,,0.053869651146340576,1.2591430955749656,0.1824915626858484,-0.2347691297823458,1.1365663565670778,2.9953718748338676
digits,CAT64-MWBP,8,core,cat,64,2,64,320,,150,150,False,0.13997732153514894,0.01098503868764103,1.0,0.13997732153514894,0.9555555555555556,0.22140382292133615,0.9355555555555556,0.9350579097343508,0.9345521952090733,79.34009970002808,1077,270,450,64,10,6,13706,,,,0.016072771299706638,1.3123732585462127,0.18629928520944108,-0.23545572338802376,1.15846527976083,3.049985396329238
digits,CAT64-MWBP,9,core,cat,64,2,64,320,,145,150,False,0.11265168168326233,0.010306128864085424,1.0,0.11265168168326233,0.9555555555555556,0.16004565957710204,0.9555555555555556,0.9549288129015127,0.9549566180221338,79.73177429998759,1077,270,450,64,10,6,13706,,,,0.00903193510781554,1.3254060128367073,0.18814887688594512,-0.23564471423917918,1.1658613360012984,3.0685490882468995
digits,CAT64-MWBP-local,0,core,cat,64,2,64,320,,149,150,False,0.09958640986649754,0.01043065836378952,1.0,0.09958640986649754,0.9740740740740741,0.11897281842990771,0.9666666666666667,0.9660466648282624,0.9665520758452588,75.62296609999612,1077,270,450,64,10,6,13706,,,,0.08264550530947781,2.8657968713830493,2.8657968713830493,-0.5981434744464489,2.000000000000001,7.992589337509653
digits,CAT64-MWBP-local,1,core,cat,64,2,64,320,,139,150,False,0.1252003448673049,0.010889669471729846,1.0,0.1252003448673049,0.9666666666666667,0.17356103689449476,0.9488888888888889,0.9486001572856981,0.9486424717604492,75.20659359998535,1077,270,450,64,10,6,13706,,,,0.07744695660748727,2.874891959135013,2.874891959135013,-0.5984628488187829,2.000000000000001,7.994631700972354
digits,CAT64-MWBP-local,2,core,cat,64,2,64,320,,149,150,False,0.1110021756177036,0.010926804018562403,1.0,0.1110021756177036,0.9666666666666667,0.16860886982462048,0.9511111111111111,0.9503855542278192,0.9500792289888194,76.14954710000893,1077,270,450,64,10,6,13706,,,,0.1112160841006732,2.857124663732916,2.857124663732916,-0.5988812047177025,1.9999999999999967,7.9973078298425015
digits,CAT64-MWBP-local,3,core,cat,64,2,64,320,,149,150,False,0.07971672353822633,0.009730329948384476,1.0,0.07971672353822633,0.9777777777777777,0.157336882143327,0.9577777777777777,0.957601495235469,0.9579300731805287,75.66514070000267,1077,270,450,64,10,6,13706,,,,0.08365721164532888,2.8670200629346643,2.8670200629346643,-0.5987715636104464,2.0000000000000004,7.996606393657044
digits,CAT64-MWBP-local,4,core,cat,64,2,64,320,,150,150,False,0.12423640378762345,0.009361812780841992,1.0,0.12423640378762345,0.9666666666666667,0.08983606213353852,0.9777777777777777,0.9773116401630052,0.97752608854739,75.11653270001989,1077,270,450,64,10,6,13706,,,,0.07668039126907514,2.8717126231436527,2.8717126231436527,-0.597965025334303,1.9999999999999996,7.991448402574293
digits,CAT64-MWBP-local,5,core,cat,64,2,64,320,,141,150,False,0.1600473139816095,0.010246771356393423,1.0,0.1600473139816095,0.9444444444444444,0.1757045327639432,0.9555555555555556,0.9554735422986183,0.955514606089727,74.71885429997928,1077,270,450,64,10,6,13706,,,,0.10003735719817446,2.85980301024033,2.85980301024033,-0.5985151739237436,2.0000000000000004,7.994966363931114
digits,CAT64-MWBP-local,7,core,cat,64,2,64,320,,102,122,True,0.17838996211389843,0.01749889168609005,1.0,0.17838996211389843,0.9555555555555556,0.1017628982223292,0.9777777777777777,0.977964273677115,0.9778210345376761,60.4144642999745,1077,270,450,64,10,6,13706,,,,0.0843696354849618,2.8673958371276838,2.8673958371276838,-0.5972640299729776,1.9999999999999993,7.986968084356245
digits,CAT64-MWBP-local,6,core,cat,64,2,64,320,,130,150,False,0.15801170719383953,0.011875197794218733,1.0,0.15801170719383953,0.9592592592592593,0.1443815908364181,0.9533333333333334,0.9533132640867727,0.9534451711795043,74.69728040002519,1077,270,450,64,10,6,13706,,,,0.10654255372440721,2.832184506381603,2.832184506381603,-0.5959305266371198,2.000000000000001,7.9784521087295595
digits,CAT64-MWBP-local,8,core,cat,64,2,64,320,,150,150,False,0.1402898712155574,0.011047989948678035,1.0,0.1402898712155574,0.9555555555555556,0.22311097908003186,0.9355555555555556,0.9350579097343508,0.9345521952090733,73.5727126999991,1077,270,450,64,10,6,13706,,,,0.08551933155866304,2.867431466494623,2.867431466494623,-0.5983438513476116,2.0,7.993870664433206
digits,CAT64-MWBP-local,9,core,cat,64,2,64,320,,145,150,False,0.11262699842381012,0.01031157871946151,1.0,0.11262699842381012,0.9555555555555556,0.16000416730775846,0.9555555555555556,0.9549288129015127,0.9549566180221338,73.69303310004761,1077,270,450,64,10,6,13706,,,,0.077453388823501,2.8754449391175623,2.8754449391175623,-0.5991517967151009,2.000000000000001,7.999039223235833
digits,CAT64-MWBP-local-EM,0,core,cat,64,2,64,320,,149,150,False,0.09957126605430212,0.010430850766103979,1.0,0.09957126605430212,0.9740740740740741,0.11892531160539589,0.9666666666666667,0.9660466648282624,0.9665520758452588,74.66020480002044,1077,270,450,64,10,6,13706,2.28519287109375,0.20654058393959382,0.20653423988769476,0.013661820834907659,2.5018251332127277,2.5018251332127277,-0.45561382653488197,1.9999999999999991,7.131282280386858
digits,CAT64-MWBP-local-EM,1,core,cat,64,2,64,320,,139,150,False,0.1252037912872162,0.010888028999324138,1.0,0.1252037912872162,0.9666666666666667,0.1736012068094575,0.9488888888888889,0.9486001572856981,0.9486424717604492,74.83600239997031,1077,270,450,64,10,6,13706,2.27573486328125,0.19213685196118244,0.19211742016775973,0.00922787912932443,2.5028104443445907,2.5028104443445907,-0.45393713255454005,2.0,7.121723110483867
digits,CAT64-MWBP-local-EM,2,core,cat,64,2,64,320,,149,150,False,0.11096419251794547,0.010923064488508757,1.0,0.11096419251794547,0.9666666666666667,0.16865270787205935,0.9511111111111111,0.9503855542278192,0.9500792289888194,75.05127719999291,1077,270,450,64,10,6,13706,2.28955810546875,0.20252304471545088,0.2025348672830149,0.032949715683591015,2.49824621148271,2.49824621148271,-0.4570211372696247,2.0000000000000027,7.139315545743105
digits,CAT64-MWBP-local-EM,3,core,cat,64,2,64,320,,149,150,False,0.07976241970242051,0.009731472553178197,1.0,0.07976241970242051,0.9777777777777777,0.15730930035079518,0.9577777777777777,0.957601495235469,0.9579300731805287,75.54312570003094,1077,270,450,64,10,6,13706,2.2408129882812498,0.26710367017397335,0.2670764368485961,0.011035942910052304,2.482609906167213,2.482609906167213,-0.44723987282727695,1.9999999999999996,7.0836683231341935
digits,CAT64-MWBP-local-EM,4,core,cat,64,2,64,320,,150,150,False,0.12420378827818157,0.0093619102600673,1.0,0.12420378827818157,0.9666666666666667,0.08981159473707855,0.9777777777777777,0.9773116401630052,0.97752608854739,76.85949049994815,1077,270,450,64,10,6,13706,2.25972900390625,0.23756682438796417,0.2375875563422169,0.007465872754648209,2.4939579910164147,2.4939579910164147,-0.45037542016977206,1.9999999999999996,7.101459569832363
digits,CAT64-MWBP-local-EM,5,core,cat,64,2,64,320,,141,150,False,0.16003427967225597,0.010246130326980676,1.0,0.16003427967225597,0.9444444444444444,0.17578317941739385,0.9555555555555556,0.9554735422986183,0.955514606089727,79.74026059999596,1077,270,450,64,10,6,13706,2.2444506835937497,0.26317746177228724,0.26318066579945576,0.025401827803491837,2.479879727540716,2.479879727540716,-0.4477518251828008,2.0,7.0865701178729195
digits,CAT64-MWBP-local-EM,7,core,cat,64,2,64,320,,102,122,True,0.1783839169261682,0.017499593554579994,1.0,0.1783839169261682,0.9555555555555556,0.1017468717102735,0.9777777777777777,0.977964273677115,0.9778210345376761,74.55111689999467,1077,270,450,64,10,6,13706,2.24590576171875,0.2567088312212756,0.25668503009283195,0.012930823005289591,2.485022810623917,2.485022810623917,-0.44709816720494583,2.000000000000001,7.082865332147903
digits,CAT64-MWBP-local-EM,6,core,cat,64,2,64,320,,130,150,False,0.15799011574949126,0.011876132947486876,1.0,0.15799011574949126,0.9592592592592593,0.1443496943801365,0.9533333333333334,0.9533132640867727,0.9534451711795043,89.22005070000887,1077,270,450,64,10,6,13706,2.25172607421875,0.25070193766231397,0.25066616866711455,0.02956408812410084,2.4674794191802185,2.4674794191802185,-0.44720138807553494,1.9999999999999987,7.083450235917949
synthetic_large,BP-Momentum,0,scaling,bp,0,0,0,0,,15,35,True,0.8692441721127562,0.3666693213053716,0.9233333333333333,0.8692441721127562,0.7288888888888889,0.8968990259256658,0.7113333333333334,0.7113207794874027,0.7105068114027903,8.39899840002181,3600,900,1500,100,10,6,50442,,,,,,,,,
synthetic_large,BP-Momentum,1,scaling,bp,0,0,0,0,,16,36,True,0.8272603409580875,0.3174749157773434,0.9405555555555556,0.8272603409580875,0.7511111111111111,0.8495929973586208,0.7593333333333333,0.7593958119686531,0.758868631494773,8.93405929999426,3600,900,1500,100,10,6,50442,,,,,,,,,
synthetic_large,BP-Momentum,2,scaling,bp,0,0,0,0,,14,34,True,0.8561763250599203,0.41485396818018205,0.9102777777777777,0.8561763250599203,0.72,0.8992566965212988,0.7186666666666667,0.7183286565066429,0.7182920719971131,8.306794499978423,3600,900,1500,100,10,6,50442,,,,,,,,,
synthetic_large,DFA-Momentum,0,scaling,dfa,0,0,0,0,,20,40,True,0.9179728640655787,0.4657636936083108,0.8727777777777778,0.9179728640655787,0.7344444444444445,0.9096651972272078,0.7386666666666667,0.7385893292914303,0.7378741045644605,9.946603000047617,3600,900,1500,100,10,6,50442,,,,,,,,,
digits,CAT64-MWBP-local-EM,8,core,cat,64,2,64,320,,150,150,False,0.14028331979939154,0.011047783428483681,1.0,0.14028331979939154,0.9555555555555556,0.2230298703739964,0.9355555555555556,0.9350579097343508,0.9345521952090733,91.7861794999917,1077,270,450,64,10,6,13706,2.24954345703125,0.2506935418477545,0.25061444823903006,0.014967182353802946,2.4873506153462976,2.4873506153462976,-0.4486416579149439,2.0000000000000018,7.091616603510668
synthetic_large,DFA-Momentum,1,scaling,dfa,0,0,0,0,,19,39,True,0.8514930051415909,0.44192496948583887,0.8855555555555555,0.8514930051415909,0.7488888888888889,0.8390471496627012,0.758,0.7580083436903807,0.7574580348030213,10.404338499996811,3600,900,1500,100,10,6,50442,,,,,,,,,
synthetic_large,DFA-Momentum,2,scaling,dfa,0,0,0,0,,23,43,True,0.8431997818924907,0.4419285553631993,0.8836111111111111,0.8431997818924907,0.7433333333333333,0.892944971015441,0.7353333333333333,0.7351637194382052,0.7350774093917694,13.28197569999611,3600,900,1500,100,10,6,50442,,,,,,,,,
digits,CAT64-MWBP-local-EM,9,core,cat,64,2,64,320,,145,150,False,0.11268666110365559,0.010312488556321334,1.0,0.11268666110365559,0.9555555555555556,0.16000966632276514,0.9555555555555556,0.9549288129015127,0.9549566180221338,94.4486197999795,1077,270,450,64,10,6,13706,2.24808837890625,0.17258326136600424,0.1725783828804573,0.00828415042676854,2.491031113302604,2.491031113302604,-0.4489744108231749,1.9999999999999976,7.093504659641062
synthetic_large,LocalHead-Momentum,1,scaling,localhead,0,0,0,0,,45,65,True,0.8244097030580964,0.5086638376272757,0.8536111111111111,0.8244097030580964,0.7522222222222222,0.8354611282774518,0.7506666666666667,0.7507062452282869,0.750160394721134,21.50589809997473,3600,900,1500,100,10,6,50442,,,,,,,,,
synthetic_large,LocalHead-Momentum,0,scaling,localhead,0,0,0,0,,58,78,True,0.9228617833950661,0.4583956620043028,0.8644444444444445,0.9228617833950661,0.7366666666666667,0.924511981531099,0.7326666666666667,0.7326381362981212,0.7324101570008023,25.617152900027577,3600,900,1500,100,10,6,50442,,,,,,,,,
synthetic_large,LocalHead-Momentum,2,scaling,localhead,0,0,0,0,,52,72,True,0.8720789301019002,0.5307907697668046,0.8541666666666666,0.8720789301019002,0.7277777777777777,0.8819325026075573,0.7493333333333333,0.7490952808713851,0.7486918800701121,23.08167309995042,3600,900,1500,100,10,6,50442,,,,,,,,,
synthetic_large,AR64-Momentum,0,scaling,ar,64,1,64,320,0.16,15,35,True,0.869673156642661,0.3692661129838496,0.9230555555555555,0.869673156642661,0.7277777777777777,0.8973519799250538,0.7126666666666667,0.712667718262913,0.7118924680422706,120.89442889997736,3600,900,1500,100,10,6,50442,,,,,,,,,
synthetic_large,AR64-Momentum,2,scaling,ar,64,1,64,320,0.16,14,34,True,0.8565027834009092,0.4171830897530362,0.9086111111111111,0.8565027834009092,0.7188888888888889,0.8995246466609654,0.7186666666666667,0.7183422619488197,0.7183145211165876,115.67283350002253,3600,900,1500,100,10,6,50442,,,,,,,,,
synthetic_large,AR64-Momentum,1,scaling,ar,64,1,64,320,0.16,16,36,True,0.8274647130698309,0.31991442075647963,0.9397222222222222,0.8274647130698309,0.7511111111111111,0.8497716281594427,0.7593333333333333,0.7593913376957224,0.758893401952337,122.36929800000507,3600,900,1500,100,10,6,50442,,,,,,,,,
synthetic_large,CAT64-Momentum,0,scaling,cat,64,2,64,320,,15,35,True,0.8694780487521706,0.3680983271553753,0.9230555555555555,0.8694780487521706,0.7288888888888889,0.8971492852586573,0.7113333333333334,0.7113207794874027,0.7104808885009171,139.41230099997483,3600,900,1500,100,10,6,50442,,,,,,,,,
synthetic_large,CAT64-Momentum,2,scaling,cat,64,2,64,320,,14,34,True,0.85634684127144,0.41613487853362396,0.9091666666666667,0.85634684127144,0.7188888888888889,0.8994012450180633,0.7186666666666667,0.7183286565066429,0.7182920719971131,137.0316094000009,3600,900,1500,100,10,6,50442,,,,,,,,,
synthetic_large,CAT64-Momentum,1,scaling,cat,64,2,64,320,,16,36,True,0.8273673698471707,0.3188213589590858,0.9402777777777778,0.8273673698471707,0.7511111111111111,0.8496910019264975,0.76,0.7600624786353197,0.7595298005927784,146.14447159995325,3600,900,1500,100,10,6,50442,,,,,,,,,
synthetic_large,CAT64-MWBP,0,scaling,cat,64,2,64,320,,15,35,True,0.8683990632587195,0.3699868073541937,0.9230555555555555,0.8683990632587195,0.7344444444444445,0.8961697529344579,0.7093333333333334,0.7093384987934461,0.7085979987091672,148.97267340001417,3600,900,1500,100,10,6,50442,,,,0.15069820349699778,1.055617669155508,0.16928704567960542,-0.23236493833431823,1.0326169767150088,2.751057909426411
synthetic_large,CAT64-MWBP,1,scaling,cat,64,2,64,320,,16,36,True,0.8277375901682611,0.32162025811877964,0.9391666666666667,0.8277375901682611,0.7511111111111111,0.8470291691840522,0.756,0.7560440479968451,0.7555059481638735,152.5454254000215,3600,900,1500,100,10,6,50442,,,,0.1159804255579645,0.9920655673954333,0.1740031867904717,-0.23105164786825963,1.0203452927107501,2.721321349107683
synthetic_large,CAT64-MWBP,2,scaling,cat,64,2,64,320,,14,34,True,0.8557289412892349,0.41679924241153665,0.9088888888888889,0.8557289412892349,0.7211111111111111,0.8996522913633617,0.7173333333333334,0.716999738184347,0.7170127648664522,141.74844880000455,3600,900,1500,100,10,6,50442,,,,0.4125400085707875,0.41591597428556365,0.09624079206251353,-0.22456255761669616,0.5149210649611815,1.8068534337634787
synthetic_large,CAT64-MWBP-local-EM,0,scaling,cat,64,2,64,320,,15,35,True,0.8681342726756927,0.3704642604766276,0.9230555555555555,0.8681342726756927,0.7344444444444445,0.8959039324267939,0.71,0.709991861165107,0.7092181456261218,147.07534740003757,3600,900,1500,100,10,6,50442,2.26409423828125,0.1871570246645224,0.18713858320691915,0.19689640007889123,2.2415106265701152,2.2415106265701152,-0.4401936441402026,1.927837755996578,6.648725087413358
synthetic_large,CAT64-MWBP-local-EM,1,scaling,cat,64,2,64,320,,16,36,True,0.8279051860199906,0.32236998884359547,0.9388888888888889,0.8279051860199906,0.7488888888888889,0.8462781901859683,0.756,0.7560571198922699,0.7554570701222896,146.45845589996316,3600,900,1500,100,10,6,50442,2.25900146484375,0.23241319344810216,0.23238086648577672,0.1572493465948947,1.9961284944481221,1.9961284944481221,-0.4367703413648757,1.8176066781573743,6.070868136091436
synthetic_large,CAT64-MWBP-local-EM,2,scaling,cat,64,2,64,320,,14,34,True,0.8554330861155897,0.4169884215242002,0.9086111111111111,0.8554330861155897,0.7222222222222222,0.8997696120747869,0.7173333333333334,0.716999738184347,0.7170127648664522,129.99214240000583,3600,900,1500,100,10,6,50442,2.3564916992187497,0.14501055298483007,0.14498818365500962,0.4760918640833483,0.9309289135919985,0.9309289135919985,-0.43070450709295977,1.1965093289722903,3.67580100276927
